STRUCT,Info,3,,,,,,,,,,,
CPU name:,Intel(R) Core(TM) i7-8750H CPU @ 2.20GHz,,,,,,,,,,,,
CPU type:,Intel Coffeelake processor,,,,,,,,,,,,
CPU clock:,2.208017012 GHz,,,,,,,,,,,,
TABLE,Group 1 Raw,UOPS_RETIRE,7,,,,,,,,,,
Event,Counter,Core 0,Core 1,Core 2,Core 3,Core 4,Core 5,Core 6,Core 7,Core 8,Core 9,Core 10,Core 11
INSTR_RETIRED_ANY,FIXC0,2034685534,2007374906,2034465154,2028995885,2034550016,2038373138,2035508098,2038505309,2033791208,2038231110,2037711409,2021218831
CPU_CLK_UNHALTED_CORE,FIXC1,1122424748,1105053331,1120151754,1119481993,1120593316,1120623986,1122517291,1121335721,1121708338,1122006394,1122122419,1115132649
CPU_CLK_UNHALTED_REF,FIXC2,1130060472,1111655780,1126926768,1126169332,1127288052,1127380880,1130989304,1128033712,1128408060,1128707152,1128824728,1121968888
UOPS_RETIRED_USED_CYCLES,PMC0,667692250,659456240,666013777,665523896,668028647,669254446,668095196,669042901,667978596,669625600,669542897,663843777
UOPS_RETIRED_STALL_CYCLES,PMC1,454732498,445597091,454137977,453958097,452564669,451369540,454422095,452292820,453729742,452380794,452579522,451288872
CPU_CLOCK_UNHALTED_TOTAL_CYCLES,PMC2,1122424748,1105053331,1120151754,1119481993,1120593316,1120623986,1122517291,1121335721,1121708338,1122006394,1122122419,1115132649
UOPS_RETIRED_STALL_CYCLES,PMC3,263283428,259655827,263040429,262557280,263065358,262133609,263373123,262843656,259999312,263248092,262413054,262082020
TABLE,Group 1 Raw STAT,UOPS_RETIRE,7,,,,,,,,,,
Event,Counter,Sum,Min,Max,Avg,,,,,,,,
INSTR_RETIRED_ANY STAT,FIXC0,24383410598,2007374906,2038505309,2.031951e+09,,,,,,,,
CPU_CLK_UNHALTED_CORE STAT,FIXC1,13433151940,1105053331,1122517291,1.119429e+09,,,,,,,,
CPU_CLK_UNHALTED_REF STAT,FIXC2,13516413128,1111655780,1130989304,1.126368e+09,,,,,,,,
UOPS_RETIRED_USED_CYCLES STAT,PMC0,8004098223,659456240,669625600,6.670082e+08,,,,,,,,
UOPS_RETIRED_STALL_CYCLES STAT,PMC1,5429053717,445597091,454732498,4.524211e+08,,,,,,,,
CPU_CLOCK_UNHALTED_TOTAL_CYCLES STAT,PMC2,13433151940,1105053331,1122517291,1.119429e+09,,,,,,,,
UOPS_RETIRED_STALL_CYCLES STAT,PMC3,3147695188,259655827,263373123,2.623079e+08,,,,,,,,
TABLE,Group 1 Metric,UOPS_RETIRE,7,,,,,,,,,,
Metric,Core 0,Core 1,Core 2,Core 3,Core 4,Core 5,Core 6,Core 7,Core 8,Core 9,Core 10,Core 11,
Runtime (RDTSC) [s],0.6000,0.6000,0.6000,0.6000,0.6000,0.6000,0.6000,0.6000,0.6000,0.6000,0.6000,0.6000,
Runtime unhalted [s],0.5083,0.5005,0.5073,0.5070,0.5075,0.5075,0.5084,0.5078,0.5080,0.5082,0.5082,0.5050,
Clock [MHz],2193.0976,2194.9030,2194.7426,2194.9055,2194.9040,2194.7834,2191.4772,2194.9063,2194.9073,2194.9088,2194.9071,2194.5634,
CPI,0.5516,0.5505,0.5506,0.5517,0.5508,0.5498,0.5515,0.5501,0.5515,0.5505,0.5507,0.5517,
Used cycles ratio [%],59.4866,59.6764,59.4575,59.4493,59.6138,59.7216,59.5176,59.6648,59.5501,59.6811,59.6675,59.5305,
Unused cycles ratio [%],40.5134,40.3236,40.5425,40.5507,40.3862,40.2784,40.4824,40.3352,40.4499,40.3189,40.3325,40.4695,
Avg stall duration [cycles],1.7272,1.7161,1.7265,1.7290,1.7204,1.7219,1.7254,1.7208,1.7451,1.7185,1.7247,1.7219,
TABLE,Group 1 Metric STAT,UOPS_RETIRE,7,,,,,,,,,,
Metric,Sum,Min,Max,Avg,,,,,,,,,
Runtime (RDTSC) [s] STAT,7.2000,0.6000,0.6000,0.6000,,,,,,,,,
Runtime unhalted [s] STAT,6.0837,0.5005,0.5084,0.5070,,,,,,,,,
Clock [MHz] STAT,26333.0062,2191.4772,2194.9088,2194.4172,,,,,,,,,
CPI STAT,6.6110,0.5498,0.5517,0.5509,,,,,,,,,
Used cycles ratio [%] STAT,715.0168,59.4493,59.7216,59.5847,,,,,,,,,
Unused cycles ratio [%] STAT,484.9832,40.2784,40.5507,40.4153,,,,,,,,,
Avg stall duration [cycles] STAT,20.6975,1.7161,1.7451,1.7248,,,,,,,,,
STRUCT,Info,3,,,,,,,,,,,
CPU name:,Intel(R) Core(TM) i7-8750H CPU @ 2.20GHz,,,,,,,,,,,,
CPU type:,Intel Coffeelake processor,,,,,,,,,,,,
CPU clock:,2.208017012 GHz,,,,,,,,,,,,
TABLE,Group 2 Raw,L3,5,,,,,,,,,,
Event,Counter,Core 0,Core 1,Core 2,Core 3,Core 4,Core 5,Core 6,Core 7,Core 8,Core 9,Core 10,Core 11
INSTR_RETIRED_ANY,FIXC0,2023213241,1969719069,2023463471,2023779680,2023425406,2026335082,2024763263,2036089626,2024247840,2024893055,2024825480,2021108228
CPU_CLK_UNHALTED_CORE,FIXC1,1114385251,1085102954,1114646815,1114684756,1114794905,1114733705,1115009928,1114724508,1115013035,1115165805,1115223351,1113929479
CPU_CLK_UNHALTED_REF,FIXC2,1121043552,1091639156,1121368036,1121345220,1121579452,1121477056,1121671452,1121382940,1121672832,1121826104,1121884156,1120636360
L2_LINES_IN_ALL,PMC0,1165,5887,3445,534,4547,62750,334,767,3567,254,1171,34178
L2_TRANS_L2_WB,PMC1,105,502,153,67,346,10313,8,63,811,9,158,3930
TABLE,Group 2 Raw STAT,L3,5,,,,,,,,,,
Event,Counter,Sum,Min,Max,Avg,,,,,,,,
INSTR_RETIRED_ANY STAT,FIXC0,24245863441,1969719069,2036089626,2.020489e+09,,,,,,,,
CPU_CLK_UNHALTED_CORE STAT,FIXC1,13347414492,1085102954,1115223351,1112284541,,,,,,,,
CPU_CLK_UNHALTED_REF STAT,FIXC2,13427526316,1091639156,1121884156,1.118961e+09,,,,,,,,
L2_LINES_IN_ALL STAT,PMC0,118599,254,62750,9883.2500,,,,,,,,
L2_TRANS_L2_WB STAT,PMC1,16465,8,10313,1372.0833,,,,,,,,
TABLE,Group 2 Metric,L3,10,,,,,,,,,,
Metric,Core 0,Core 1,Core 2,Core 3,Core 4,Core 5,Core 6,Core 7,Core 8,Core 9,Core 10,Core 11,
Runtime (RDTSC) [s],0.5969,0.5969,0.5969,0.5969,0.5969,0.5969,0.5969,0.5969,0.5969,0.5969,0.5969,0.5969,
Runtime unhalted [s],0.5047,0.4914,0.5048,0.5048,0.5049,0.5049,0.5050,0.5049,0.5050,0.5051,0.5051,0.5045,
Clock [MHz],2194.9028,2194.7965,2194.7827,2194.9020,2194.6605,2194.7404,2194.9038,2194.9065,2194.9072,2194.9080,2194.9077,2194.8023,
CPI,0.5508,0.5509,0.5509,0.5508,0.5509,0.5501,0.5507,0.5475,0.5508,0.5507,0.5508,0.5511,
L3 load bandwidth [MBytes/s],0.1249,0.6312,0.3694,0.0573,0.4875,6.7283,0.0358,0.0822,0.3825,0.0272,0.1256,3.6647,
L3 load data volume [GBytes],0.0001,0.0004,0.0002,3.417600e-05,0.0003,0.0040,2.137600e-05,4.908800e-05,0.0002,1.625600e-05,0.0001,0.0022,
L3 evict bandwidth [MBytes/s],0.0113,0.0538,0.0164,0.0072,0.0371,1.1058,0.0009,0.0068,0.0870,0.0010,0.0169,0.4214,
L3 evict data volume [GBytes],6.720000e-06,3.212800e-05,9.792000e-06,4.288000e-06,2.214400e-05,0.0007,5.120000e-07,4.032000e-06,0.0001,5.760000e-07,1.011200e-05,0.0003,
L3 bandwidth [MBytes/s],0.1362,0.6851,0.3858,0.0644,0.5246,7.8341,0.0367,0.0890,0.4694,0.0282,0.1425,4.0861,
L3 data volume [GBytes],0.0001,0.0004,0.0002,3.846400e-05,0.0003,0.0047,2.188800e-05,0.0001,0.0003,1.683200e-05,0.0001,0.0024,
TABLE,Group 2 Metric STAT,L3,10,,,,,,,,,,
Metric,Sum,Min,Max,Avg,,,,,,,,,
Runtime (RDTSC) [s] STAT,7.1628,0.5969,0.5969,0.5969,,,,,,,,,
Runtime unhalted [s] STAT,6.0451,0.4914,0.5051,0.5038,,,,,,,,,
Clock [MHz] STAT,26338.1204,2194.6605,2194.9080,2194.8434,,,,,,,,,
CPI STAT,6.6060,0.5475,0.5511,0.5505,,,,,,,,,
L3 load bandwidth [MBytes/s] STAT,12.7166,0.0272,6.7283,1.0597,,,,,,,,,
L3 load data volume [GBytes] STAT,0.0076,1.625600e-05,0.0040,0.0006,,,,,,,,,
L3 evict bandwidth [MBytes/s] STAT,1.7656,0.0009,1.1058,0.1471,,,,,,,,,
L3 evict data volume [GBytes] STAT,0.0012,5.120000e-07,0.0007,0.0001,,,,,,,,,
L3 bandwidth [MBytes/s] STAT,14.4821,0.0282,7.8341,1.2068,,,,,,,,,
L3 data volume [GBytes] STAT,0.0087,1.683200e-05,0.0047,0.0007,,,,,,,,,
STRUCT,Info,3,,,,,,,,,,,
CPU name:,Intel(R) Core(TM) i7-8750H CPU @ 2.20GHz,,,,,,,,,,,,
CPU type:,Intel Coffeelake processor,,,,,,,,,,,,
CPU clock:,2.208017012 GHz,,,,,,,,,,,,
TABLE,Group 3 Raw,DATA,5,,,,,,,,,,
Event,Counter,Core 0,Core 1,Core 2,Core 3,Core 4,Core 5,Core 6,Core 7,Core 8,Core 9,Core 10,Core 11
INSTR_RETIRED_ANY,FIXC0,2023419974,1996820189,2022991994,2022868234,2023085159,2023672269,2022511590,2028586990,2023112978,2023158669,2022986218,2021503119
CPU_CLK_UNHALTED_CORE,FIXC1,1114483372,1099849112,1114441790,1114307372,1114428946,1113990956,1114397806,1113970271,1114407429,1114307425,1114249693,1113276964
CPU_CLK_UNHALTED_REF,FIXC2,1121190292,1106420428,1121136472,1120964616,1121154964,1120645192,1121055328,1120625136,1121063056,1120964156,1120943180,1119926672
MEM_INST_RETIRED_ALL_LOADS,PMC0,874518556,863032153,874342354,874290190,874371453,874502814,874104897,876761863,874390100,874415761,874338848,873676530
MEM_INST_RETIRED_ALL_STORES,PMC1,120039129,118455616,120010292,120000798,120021426,120133994,120008716,120340087,120019859,120018061,120009564,119941549
TABLE,Group 3 Raw STAT,DATA,5,,,,,,,,,,
Event,Counter,Sum,Min,Max,Avg,,,,,,,,
INSTR_RETIRED_ANY STAT,FIXC0,24254717383,1996820189,2028586990,2.021226e+09,,,,,,,,
CPU_CLK_UNHALTED_CORE STAT,FIXC1,13356111136,1099849112,1114483372,1.113009e+09,,,,,,,,
CPU_CLK_UNHALTED_REF STAT,FIXC2,13436089492,1106420428,1121190292,1.119674e+09,,,,,,,,
MEM_INST_RETIRED_ALL_LOADS STAT,PMC0,10482745519,863032153,876761863,8.735621e+08,,,,,,,,
MEM_INST_RETIRED_ALL_STORES STAT,PMC1,1438999091,118455616,120340087,1.199166e+08,,,,,,,,
TABLE,Group 3 Metric,DATA,5,,,,,,,,,,
Metric,Core 0,Core 1,Core 2,Core 3,Core 4,Core 5,Core 6,Core 7,Core 8,Core 9,Core 10,Core 11,
Runtime (RDTSC) [s],0.5979,0.5979,0.5979,0.5979,0.5979,0.5979,0.5979,0.5979,0.5979,0.5979,0.5979,0.5979,
Runtime unhalted [s],0.5047,0.4981,0.5047,0.5047,0.5047,0.5045,0.5047,0.5045,0.5047,0.5047,0.5046,0.5042,
Clock [MHz],2194.8087,2194.9030,2194.8322,2194.9039,2194.7707,2194.9061,2194.9044,2194.9046,2194.9083,2194.9049,2194.8323,2194.9066,
CPI,0.5508,0.5508,0.5509,0.5509,0.5509,0.5505,0.5510,0.5491,0.5508,0.5508,0.5508,0.5507,
Load to store ratio,7.2853,7.2857,7.2856,7.2857,7.2851,7.2794,7.2837,7.2857,7.2854,7.2857,7.2856,7.2842,
TABLE,Group 3 Metric STAT,DATA,5,,,,,,,,,,
Metric,Sum,Min,Max,Avg,,,,,,,,,
Runtime (RDTSC) [s] STAT,7.1748,0.5979,0.5979,0.5979,,,,,,,,,
Runtime unhalted [s] STAT,6.0488,0.4981,0.5047,0.5041,,,,,,,,,
Clock [MHz] STAT,26338.4857,2194.7707,2194.9083,2194.8738,,,,,,,,,
CPI STAT,6.6080,0.5491,0.5510,0.5507,,,,,,,,,
Load to store ratio STAT,87.4171,7.2794,7.2857,7.2848,,,,,,,,,
STRUCT,Info,3,,,,,,,,,,,
CPU name:,Intel(R) Core(TM) i7-8750H CPU @ 2.20GHz,,,,,,,,,,,,
CPU type:,Intel Coffeelake processor,,,,,,,,,,,,
CPU clock:,2.208017012 GHz,,,,,,,,,,,,
TABLE,Group 4 Raw,FLOPS_AVX,5,,,,,,,,,,
Event,Counter,Core 0,Core 1,Core 2,Core 3,Core 4,Core 5,Core 6,Core 7,Core 8,Core 9,Core 10,Core 11
INSTR_RETIRED_ANY,FIXC0,2023961803,1996856283,2024927738,2028703266,2024459983,2028024548,2022135249,2028999703,2022973218,2023362017,2022647859,2019800247
CPU_CLK_UNHALTED_CORE,FIXC1,1115121499,1100213435,1116071213,1120283750,1117925860,1114720172,1114797452,1114283182,1114164237,1113946665,1114034881,1113086273
CPU_CLK_UNHALTED_REF,FIXC2,1122590532,1107055320,1124078816,1130137200,1129564224,1121915344,1122242312,1120991388,1120818428,1120599928,1120719804,1119784348
FP_ARITH_INST_RETIRED_256B_PACKED_SINGLE,PMC0,685996076,676846030,685756942,684018569,685685176,687445578,685269165,687793694,685752570,685874391,685640433,684613080
FP_ARITH_INST_RETIRED_256B_PACKED_DOUBLE,PMC1,0,0,0,0,0,0,0,0,0,0,0,0
TABLE,Group 4 Raw STAT,FLOPS_AVX,5,,,,,,,,,,
Event,Counter,Sum,Min,Max,Avg,,,,,,,,
INSTR_RETIRED_ANY STAT,FIXC0,24266851914,1996856283,2028999703,2.022238e+09,,,,,,,,
CPU_CLK_UNHALTED_CORE STAT,FIXC1,13368648619,1100213435,1120283750,1.114054e+09,,,,,,,,
CPU_CLK_UNHALTED_REF STAT,FIXC2,13460497644,1107055320,1130137200,1121708137,,,,,,,,
FP_ARITH_INST_RETIRED_256B_PACKED_SINGLE STAT,PMC0,8220691704,676846030,687793694,685057642,,,,,,,,
FP_ARITH_INST_RETIRED_256B_PACKED_DOUBLE STAT,PMC1,0,0,0,0,,,,,,,,
TABLE,Group 4 Metric,FLOPS_AVX,6,,,,,,,,,,
Metric,Core 0,Core 1,Core 2,Core 3,Core 4,Core 5,Core 6,Core 7,Core 8,Core 9,Core 10,Core 11,
Runtime (RDTSC) [s],0.5976,0.5976,0.5976,0.5976,0.5976,0.5976,0.5976,0.5976,0.5976,0.5976,0.5976,0.5976,
Runtime unhalted [s],0.5050,0.4983,0.5055,0.5074,0.5063,0.5049,0.5049,0.5047,0.5046,0.5045,0.5045,0.5041,
Clock [MHz],2193.3262,2194.3709,2192.2878,2188.7657,2185.2669,2193.8564,2193.3692,2194.8039,2194.9082,2194.9075,2194.8465,2194.8096,
CPI,0.5510,0.5510,0.5512,0.5522,0.5522,0.5497,0.5513,0.5492,0.5508,0.5505,0.5508,0.5511,
Packed SP MFLOP/s,9182.9625,9060.4771,9179.7614,9156.4910,9178.8007,9202.3660,9173.2319,9207.0260,9179.7029,9181.3336,9178.2018,9164.4493,
Packed DP MFLOP/s,0,0,0,0,0,0,0,0,0,0,0,0,
TABLE,Group 4 Metric STAT,FLOPS_AVX,6,,,,,,,,,,
Metric,Sum,Min,Max,Avg,,,,,,,,,
Runtime (RDTSC) [s] STAT,7.1712,0.5976,0.5976,0.5976,,,,,,,,,
Runtime unhalted [s] STAT,6.0547,0.4983,0.5074,0.5046,,,,,,,,,
Clock [MHz] STAT,26315.5188,2185.2669,2194.9082,2192.9599,,,,,,,,,
CPI STAT,6.6110,0.5492,0.5522,0.5509,,,,,,,,,
Packed SP MFLOP/s STAT,110044.8042,9060.4771,9207.0260,9170.4003,,,,,,,,,
Packed DP MFLOP/s STAT,0,0,0,0,,,,,,,,,
STRUCT,Info,3,,,,,,,,,,,
CPU name:,Intel(R) Core(TM) i7-8750H CPU @ 2.20GHz,,,,,,,,,,,,
CPU type:,Intel Coffeelake processor,,,,,,,,,,,,
CPU clock:,2.208017012 GHz,,,,,,,,,,,,
TABLE,Group 5 Raw,L2CACHE,5,,,,,,,,,,
Event,Counter,Core 0,Core 1,Core 2,Core 3,Core 4,Core 5,Core 6,Core 7,Core 8,Core 9,Core 10,Core 11
INSTR_RETIRED_ANY,FIXC0,2024739176,2004462774,2026117991,1944364545,2023029281,2020379210,2015245280,2024972936,2003410176,2035251152,2024015267,2022066606
CPU_CLK_UNHALTED_CORE,FIXC1,1114726994,1109119821,1114413093,1075106884,1114404712,1114071292,1111074140,1112857549,1114063227,1114737648,1114658685,1113973835
CPU_CLK_UNHALTED_REF,FIXC2,1121564364,1115769468,1121157356,1081529920,1121062688,1120728084,1117771020,1119505312,1120718516,1121397292,1121317528,1120665064
L2_TRANS_ALL_REQUESTS,PMC0,150314,723236,268891,701577,153177,923166,92699,6093,1622863,9681,6345,160675
L2_RQSTS_MISS,PMC1,6383,166147,7029,67540,6933,248197,27834,1251,535724,960,1727,54916
TABLE,Group 5 Raw STAT,L2CACHE,5,,,,,,,,,,
Event,Counter,Sum,Min,Max,Avg,,,,,,,,
INSTR_RETIRED_ANY STAT,FIXC0,24168054394,1944364545,2035251152,2.014005e+09,,,,,,,,
CPU_CLK_UNHALTED_CORE STAT,FIXC1,13323207880,1075106884,1114737648,1.110267e+09,,,,,,,,
CPU_CLK_UNHALTED_REF STAT,FIXC2,13403186612,1081529920,1121564364,1.116932e+09,,,,,,,,
L2_TRANS_ALL_REQUESTS STAT,PMC0,4818717,6093,1622863,401559.7500,,,,,,,,
L2_RQSTS_MISS STAT,PMC1,1124641,960,535724,93720.0833,,,,,,,,
TABLE,Group 5 Metric,L2CACHE,7,,,,,,,,,,
Metric,Core 0,Core 1,Core 2,Core 3,Core 4,Core 5,Core 6,Core 7,Core 8,Core 9,Core 10,Core 11,
Runtime (RDTSC) [s],0.5975,0.5975,0.5975,0.5975,0.5975,0.5975,0.5975,0.5975,0.5975,0.5975,0.5975,0.5975,
Runtime unhalted [s],0.5049,0.5023,0.5047,0.4869,0.5047,0.5046,0.5032,0.5040,0.5046,0.5049,0.5048,0.5045,
Clock [MHz],2194.5563,2194.8579,2194.7348,2194.9039,2194.9036,2194.9020,2194.7882,2194.9055,2194.9049,2194.9043,2194.9049,2194.8335,
CPI,0.5506,0.5533,0.5500,0.5529,0.5509,0.5514,0.5513,0.5496,0.5561,0.5477,0.5507,0.5509,
L2 request rate,0.0001,0.0004,0.0001,0.0004,0.0001,0.0005,4.599887e-05,3.008929e-06,0.0008,4.756661e-06,3.134858e-06,0.0001,
L2 miss rate,3.152505e-06,0.0001,3.469196e-06,3.473628e-05,3.427039e-06,0.0001,1.381172e-05,6.177860e-07,0.0003,4.716863e-07,8.532544e-07,2.715835e-05,
L2 miss ratio,0.0425,0.2297,0.0261,0.0963,0.0453,0.2689,0.3003,0.2053,0.3301,0.0992,0.2722,0.3418,
TABLE,Group 5 Metric STAT,L2CACHE,7,,,,,,,,,,
Metric,Sum,Min,Max,Avg,,,,,,,,,
Runtime (RDTSC) [s] STAT,7.1700,0.5975,0.5975,0.5975,,,,,,,,,
Runtime unhalted [s] STAT,6.0341,0.4869,0.5049,0.5028,,,,,,,,,
Clock [MHz] STAT,26338.0998,2194.5563,2194.9055,2194.8417,,,,,,,,,
CPI STAT,6.6154,0.5477,0.5561,0.5513,,,,,,,,,
L2 request rate STAT,0.0026,3.008929e-06,0.0008,0.0002,,,,,,,,,
L2 miss rate STAT,0.0006,4.716863e-07,0.0003,4.897482e-05,,,,,,,,,
L2 miss ratio STAT,2.2577,0.0261,0.3418,0.1881,,,,,,,,,
STRUCT,Info,3,,,,,,,,,,,
CPU name:,Intel(R) Core(TM) i7-8750H CPU @ 2.20GHz,,,,,,,,,,,,
CPU type:,Intel Coffeelake processor,,,,,,,,,,,,
CPU clock:,2.208017012 GHz,,,,,,,,,,,,
TABLE,Group 6 Raw,CYCLE_ACTIVITY,7,,,,,,,,,,
Event,Counter,Core 0,Core 1,Core 2,Core 3,Core 4,Core 5,Core 6,Core 7,Core 8,Core 9,Core 10,Core 11
INSTR_RETIRED_ANY,FIXC0,2032560207,2034046515,2039915694,1937107466,2040226731,2037974530,2041195434,2048130152,2034866109,2066389234,2052292169,2051946208
CPU_CLK_UNHALTED_CORE,FIXC1,1119007258,1120506550,1122320605,1072049396,1123780854,1124154472,1125155062,1127519763,1121447955,1129198491,1130213097,1130434022
CPU_CLK_UNHALTED_REF,FIXC2,1125742544,1127290720,1129062640,1078454544,1130495264,1130872556,1131877564,1134255672,1128144848,1135944056,1136970500,1137185596
CYCLE_ACTIVITY_CYCLES_L2_PENDING,PMC0,20758,40534,35259,483387,7774,1496423,318086,6029,79447,10758,23393,630948
CYCLE_ACTIVITY_CYCLES_LDM_PENDING,PMC1,1118834291,1120261975,1122133077,1069253447,1123655080,1122357984,1124327101,1127391889,1120890612,1128871752,1130078828,1129675470
CYCLE_ACTIVITY_CYCLES_L1D_PENDING,PMC2,31776,57711,45300,774048,13757,1723851,379405,12300,134311,16006,30127,711225
CYCLE_ACTIVITY_CYCLES_NO_EXECUTE,PMC3,127468893,122800095,120804911,120452337,123233134,130241358,127295135,122770370,121676990,123897510,124705468,126712838
TABLE,Group 6 Raw STAT,CYCLE_ACTIVITY,7,,,,,,,,,,
Event,Counter,Sum,Min,Max,Avg,,,,,,,,
INSTR_RETIRED_ANY STAT,FIXC0,24416650449,1937107466,2066389234,2.034721e+09,,,,,,,,
CPU_CLK_UNHALTED_CORE STAT,FIXC1,13445787525,1072049396,1130434022,1.120482e+09,,,,,,,,
CPU_CLK_UNHALTED_REF STAT,FIXC2,13526296504,1078454544,1137185596,1.127191e+09,,,,,,,,
CYCLE_ACTIVITY_CYCLES_L2_PENDING STAT,PMC0,3152796,6029,1496423,262733,,,,,,,,
CYCLE_ACTIVITY_CYCLES_LDM_PENDING STAT,PMC1,13437731506,1069253447,1130078828,1.119811e+09,,,,,,,,
CYCLE_ACTIVITY_CYCLES_L1D_PENDING STAT,PMC2,3929817,12300,1723851,327484.7500,,,,,,,,
CYCLE_ACTIVITY_CYCLES_NO_EXECUTE STAT,PMC3,1492059039,120452337,130241358,1.243383e+08,,,,,,,,
TABLE,Group 6 Metric,CYCLE_ACTIVITY,8,,,,,,,,,,
Metric,Core 0,Core 1,Core 2,Core 3,Core 4,Core 5,Core 6,Core 7,Core 8,Core 9,Core 10,Core 11,
Runtime (RDTSC) [s],0.5974,0.5974,0.5974,0.5974,0.5974,0.5974,0.5974,0.5974,0.5974,0.5974,0.5974,0.5974,
Runtime unhalted [s],0.5068,0.5075,0.5083,0.4855,0.5090,0.5091,0.5096,0.5106,0.5079,0.5114,0.5119,0.5120,
Clock [MHz],2194.8065,2194.7289,2194.8322,2194.9032,2194.9028,2194.9000,2194.9031,2194.9044,2194.9098,2194.9052,2194.8940,2194.9078,
CPI,0.5505,0.5509,0.5502,0.5534,0.5508,0.5516,0.5512,0.5505,0.5511,0.5465,0.5507,0.5509,
Cycles without execution [%],11.3912,10.9593,10.7639,11.2357,10.9659,11.5857,11.3136,10.8885,10.8500,10.9722,11.0338,11.2092,
Cycles without execution due to L1D [%],0.0028,0.0052,0.0040,0.0722,0.0012,0.1533,0.0337,0.0011,0.0120,0.0014,0.0027,0.0629,
Cycles without execution due to L2 [%],0.0019,0.0036,0.0031,0.0451,0.0007,0.1331,0.0283,0.0005,0.0071,0.0010,0.0021,0.0558,
Cycles without execution due to memory loads [%],99.9845,99.9782,99.9833,99.7392,99.9888,99.8402,99.9264,99.9887,99.9503,99.9711,99.9881,99.9329,
TABLE,Group 6 Metric STAT,CYCLE_ACTIVITY,8,,,,,,,,,,
Metric,Sum,Min,Max,Avg,,,,,,,,,
Runtime (RDTSC) [s] STAT,7.1688,0.5974,0.5974,0.5974,,,,,,,,,
Runtime unhalted [s] STAT,6.0896,0.4855,0.5120,0.5075,,,,,,,,,
Clock [MHz] STAT,26338.4979,2194.7289,2194.9098,2194.8748,,,,,,,,,
CPI STAT,6.6083,0.5465,0.5534,0.5507,,,,,,,,,
Cycles without execution [%] STAT,133.1690,10.7639,11.5857,11.0974,,,,,,,,,
Cycles without execution due to L1D [%] STAT,0.3525,0.0011,0.1533,0.0294,,,,,,,,,
Cycles without execution due to L2 [%] STAT,0.2823,0.0005,0.1331,0.0235,,,,,,,,,
Cycles without execution due to memory loads [%] STAT,1199.2717,99.7392,99.9888,99.9393,,,,,,,,,
STRUCT,Info,3,,,,,,,,,,,
CPU name:,Intel(R) Core(TM) i7-8750H CPU @ 2.20GHz,,,,,,,,,,,,
CPU type:,Intel Coffeelake processor,,,,,,,,,,,,
CPU clock:,2.208017012 GHz,,,,,,,,,,,,
TABLE,Group 7 Raw,TLB_INSTR,5,,,,,,,,,,
Event,Counter,Core 0,Core 1,Core 2,Core 3,Core 4,Core 5,Core 6,Core 7,Core 8,Core 9,Core 10,Core 11
INSTR_RETIRED_ANY,FIXC0,2023138268,2008642204,2023205050,2046097695,2024019356,1954686619,2022956923,2021568629,2027516850,1956113296,2028452545,2048667526
CPU_CLK_UNHALTED_CORE,FIXC1,1114005063,1111185387,1114540364,1110566796,1114967764,1113120832,1114860883,1113284209,1116630215,1116970686,1117139525,1115939659
CPU_CLK_UNHALTED_REF,FIXC2,1120665064,1117862652,1121274748,1117204944,1121744224,1119772112,1121523792,1119936056,1123302060,1123643932,1123830968,1122606264
ITLB_MISSES_CAUSES_A_WALK,PMC0,214,8687,217,143,285,9211,1039,3021,75,128,163,4814
ITLB_MISSES_WALK_ACTIVE,PMC1,6173,357006,11884,4897,12500,399864,37037,141964,1877,2618,8326,222085
TABLE,Group 7 Raw STAT,TLB_INSTR,5,,,,,,,,,,
Event,Counter,Sum,Min,Max,Avg,,,,,,,,
INSTR_RETIRED_ANY STAT,FIXC0,24185064961,1954686619,2048667526,2.015422e+09,,,,,,,,
CPU_CLK_UNHALTED_CORE STAT,FIXC1,13373211383,1110566796,1117139525,1.114434e+09,,,,,,,,
CPU_CLK_UNHALTED_REF STAT,FIXC2,13453366816,1117204944,1123830968,1.121114e+09,,,,,,,,
ITLB_MISSES_CAUSES_A_WALK STAT,PMC0,27997,75,9211,2333.0833,,,,,,,,
ITLB_MISSES_WALK_ACTIVE STAT,PMC1,1206231,1877,399864,100519.2500,,,,,,,,
TABLE,Group 7 Metric,TLB_INSTR,7,,,,,,,,,,
Metric,Core 0,Core 1,Core 2,Core 3,Core 4,Core 5,Core 6,Core 7,Core 8,Core 9,Core 10,Core 11,
Runtime (RDTSC) [s],0.5974,0.5974,0.5974,0.5974,0.5974,0.5974,0.5974,0.5974,0.5974,0.5974,0.5974,0.5974,
Runtime unhalted [s],0.5045,0.5033,0.5048,0.5030,0.5050,0.5041,0.5049,0.5042,0.5057,0.5059,0.5059,0.5054,
Clock [MHz],2194.8950,2194.8280,2194.7556,2194.8975,2194.6784,2194.9017,2194.8993,2194.9025,2194.9025,2194.9037,2194.8702,2194.9047,
CPI,0.5506,0.5532,0.5509,0.5428,0.5509,0.5695,0.5511,0.5507,0.5507,0.5710,0.5507,0.5447,
L1 ITLB misses,214,8687,217,143,285,9211,1039,3021,75,128,163,4814,
L1 ITLB miss rate,1.057763e-07,4.324812e-06,1.072556e-07,6.988914e-08,1.408089e-07,4.712264e-06,5.136046e-07,1.494384e-06,3.699106e-08,6.543588e-08,8.035682e-08,2.349820e-06,
L1 ITLB miss duration [Cyc],28.8458,41.0966,54.7650,34.2448,43.8596,43.4116,35.6468,46.9924,25.0267,20.4531,51.0798,46.1332,
TABLE,Group 7 Metric STAT,TLB_INSTR,7,,,,,,,,,,
Metric,Sum,Min,Max,Avg,,,,,,,,,
Runtime (RDTSC) [s] STAT,7.1688,0.5974,0.5974,0.5974,,,,,,,,,
Runtime unhalted [s] STAT,6.0567,0.5030,0.5059,0.5047,,,,,,,,,
Clock [MHz] STAT,26338.3391,2194.6784,2194.9047,2194.8616,,,,,,,,,
CPI STAT,6.6368,0.5428,0.5710,0.5531,,,,,,,,,
L1 ITLB misses STAT,27997,75,9211,2333.0833,,,,,,,,,
L1 ITLB miss rate STAT,1.400140e-05,3.699106e-08,4.712264e-06,1.166783e-06,,,,,,,,,
L1 ITLB miss duration [Cyc] STAT,471.5554,20.4531,54.7650,39.2963,,,,,,,,,
STRUCT,Info,3,,,,,,,,,,,
CPU name:,Intel(R) Core(TM) i7-8750H CPU @ 2.20GHz,,,,,,,,,,,,
CPU type:,Intel Coffeelake processor,,,,,,,,,,,,
CPU clock:,2.208017012 GHz,,,,,,,,,,,,
TABLE,Group 8 Raw,MEM,5,,,,,,,,,,
Event,Counter,Core 0,Core 1,Core 2,Core 3,Core 4,Core 5,Core 6,Core 7,Core 8,Core 9,Core 10,Core 11
INSTR_RETIRED_ANY,FIXC0,1823229705,2058058778,1700481637,2097063826,1712656396,1624895481,1727444791,1907385919,1828651505,1643103535,1725340954,2177129528
CPU_CLK_UNHALTED_CORE,FIXC1,1109087779,1108579578,1109917988,1070974194,1110437494,1108211310,1110962483,1111240239,1111684983,1111827709,1112092146,1111012757
CPU_CLK_UNHALTED_REF,FIXC2,1115715832,1115204864,1116630956,1077377592,1117142568,1114833000,1117705792,1117879212,1118327252,1118469944,1118766920,1117651512
DRAM_READS,MBOX0C1,5057144,0,0,0,0,0,0,0,0,0,0,0
DRAM_WRITES,MBOX0C2,44028,0,0,0,0,0,0,0,0,0,0,0
TABLE,Group 8 Raw STAT,MEM,5,,,,,,,,,,
Event,Counter,Sum,Min,Max,Avg,,,,,,,,
INSTR_RETIRED_ANY STAT,FIXC0,22025442055,1624895481,2177129528,1.835454e+09,,,,,,,,
CPU_CLK_UNHALTED_CORE STAT,FIXC1,13286028660,1070974194,1112092146,1107169055,,,,,,,,
CPU_CLK_UNHALTED_REF STAT,FIXC2,13365705444,1077377592,1118766920,1113808787,,,,,,,,
DRAM_READS STAT,MBOX0C1,5057144,0,5057144,421428.6667,,,,,,,,
DRAM_WRITES STAT,MBOX0C2,44028,0,44028,3669,,,,,,,,
TABLE,Group 8 Metric,MEM,10,,,,,,,,,,
Metric,Core 0,Core 1,Core 2,Core 3,Core 4,Core 5,Core 6,Core 7,Core 8,Core 9,Core 10,Core 11,
Runtime (RDTSC) [s],0.5976,0.5976,0.5976,0.5976,0.5976,0.5976,0.5976,0.5976,0.5976,0.5976,0.5976,0.5976,
Runtime unhalted [s],0.5023,0.5021,0.5027,0.4850,0.5029,0.5019,0.5031,0.5033,0.5035,0.5035,0.5037,0.5032,
Clock [MHz],2194.9000,2194.8995,2194.7428,2194.8937,2194.7645,2194.9022,2194.6957,2194.9038,2194.9026,2194.9043,2194.8436,2194.9016,
CPI,0.6083,0.5387,0.6527,0.5107,0.6484,0.6820,0.6431,0.5826,0.6079,0.6767,0.6446,0.5103,
Memory load bandwidth [MBytes/s],541.6031,0,0,0,0,0,0,0,0,0,0,0,
Memory load data volume [GBytes],0.3237,0,0,0,0,0,0,0,0,0,0,0,
Memory evict bandwidth [MBytes/s],4.7153,0,0,0,0,0,0,0,0,0,0,0,
Memory evict data volume [GBytes],0.0028,0,0,0,0,0,0,0,0,0,0,0,
Memory bandwidth [MBytes/s],546.3184,0,0,0,0,0,0,0,0,0,0,0,
Memory data volume [GBytes],0.3265,0,0,0,0,0,0,0,0,0,0,0,
TABLE,Group 8 Metric STAT,MEM,10,,,,,,,,,,
Metric,Sum,Min,Max,Avg,,,,,,,,,
Runtime (RDTSC) [s] STAT,7.1712,0.5976,0.5976,0.5976,,,,,,,,,
Runtime unhalted [s] STAT,6.0172,0.4850,0.5037,0.5014,,,,,,,,,
Clock [MHz] STAT,26338.2543,2194.6957,2194.9043,2194.8545,,,,,,,,,
CPI STAT,7.3060,0.5103,0.6820,0.6088,,,,,,,,,
Memory load bandwidth [MBytes/s] STAT,541.6031,0,541.6031,45.1336,,,,,,,,,
Memory load data volume [GBytes] STAT,0.3237,0,0.3237,0.0270,,,,,,,,,
Memory evict bandwidth [MBytes/s] STAT,4.7153,0,4.7153,0.3929,,,,,,,,,
Memory evict data volume [GBytes] STAT,0.0028,0,0.0028,0.0002,,,,,,,,,
Memory bandwidth [MBytes/s] STAT,546.3184,0,546.3184,45.5265,,,,,,,,,
Memory data volume [GBytes] STAT,0.3265,0,0.3265,0.0272,,,,,,,,,
STRUCT,Info,3,,,,,,,,,,,
CPU name:,Intel(R) Core(TM) i7-8750H CPU @ 2.20GHz,,,,,,,,,,,,
CPU type:,Intel Coffeelake processor,,,,,,,,,,,,
CPU clock:,2.208017012 GHz,,,,,,,,,,,,
TABLE,Group 9 Raw,MEM_DP,10,,,,,,,,,,
Event,Counter,Core 0,Core 1,Core 2,Core 3,Core 4,Core 5,Core 6,Core 7,Core 8,Core 9,Core 10,Core 11
INSTR_RETIRED_ANY,FIXC0,1647557109,1708961068,1650507806,2181230760,1645386492,1679020192,1661284907,1640695100,1641395771,1641623534,1639816239,2184271757
CPU_CLK_UNHALTED_CORE,FIXC1,1262526163,1117492349,1124050405,1113647454,1126592489,1132038213,1170446526,1120381721,1117998525,1117564727,1117226807,1114126724
CPU_CLK_UNHALTED_REF,FIXC2,1275840452,1124172196,1132646592,1120304424,1133952900,1139028816,1177568996,1127078568,1124677460,1124242760,1123901532,1120804812
PWR_PKG_ENERGY,PWR0,19.8484,0,0,0,0,0,0,0,0,0,0,0
PWR_DRAM_ENERGY,PWR3,0.4191,0,0,0,0,0,0,0,0,0,0,0
FP_ARITH_INST_RETIRED_128B_PACKED_DOUBLE,PMC0,0,2,14,0,0,0,3924,3899,0,4,8,10
FP_ARITH_INST_RETIRED_SCALAR_DOUBLE,PMC1,205,4702,80406,1162,669,1597,3689,3829,60,66,69,392
FP_ARITH_INST_RETIRED_256B_PACKED_DOUBLE,PMC2,0,0,0,0,0,0,0,0,0,0,0,0
DRAM_READS,MBOX0C1,5640682,0,0,0,0,0,0,0,0,0,0,0
DRAM_WRITES,MBOX0C2,553973,0,0,0,0,0,0,0,0,0,0,0
TABLE,Group 9 Raw STAT,MEM_DP,10,,,,,,,,,,
Event,Counter,Sum,Min,Max,Avg,,,,,,,,
INSTR_RETIRED_ANY STAT,FIXC0,20921750735,1639816239,2184271757,1.743479e+09,,,,,,,,
CPU_CLK_UNHALTED_CORE STAT,FIXC1,13634092103,1113647454,1262526163,1.136174e+09,,,,,,,,
CPU_CLK_UNHALTED_REF STAT,FIXC2,13724219508,1120304424,1275840452,1143684959,,,,,,,,
PWR_PKG_ENERGY STAT,PWR0,19.8484,0,19.8484,1.6540,,,,,,,,
PWR_DRAM_ENERGY STAT,PWR3,0.4191,0,0.4191,0.0349,,,,,,,,
FP_ARITH_INST_RETIRED_128B_PACKED_DOUBLE STAT,PMC0,7861,0,3924,655.0833,,,,,,,,
FP_ARITH_INST_RETIRED_SCALAR_DOUBLE STAT,PMC1,96846,60,80406,8070.5000,,,,,,,,
FP_ARITH_INST_RETIRED_256B_PACKED_DOUBLE STAT,PMC2,0,0,0,0,,,,,,,,
DRAM_READS STAT,MBOX0C1,5640682,0,5640682,470056.8333,,,,,,,,
DRAM_WRITES STAT,MBOX0C2,553973,0,553973,46164.4167,,,,,,,,
TABLE,Group 9 Metric,MEM_DP,19,,,,,,,,,,
Metric,Core 0,Core 1,Core 2,Core 3,Core 4,Core 5,Core 6,Core 7,Core 8,Core 9,Core 10,Core 11,
Runtime (RDTSC) [s],0.5980,0.5980,0.5980,0.5980,0.5980,0.5980,0.5980,0.5980,0.5980,0.5980,0.5980,0.5980,
Runtime unhalted [s],0.5718,0.5061,0.5091,0.5044,0.5102,0.5127,0.5301,0.5074,0.5063,0.5061,0.5060,0.5046,
Clock [MHz],2184.9748,2194.8969,2191.2593,2194.8967,2193.6849,2194.4657,2194.6619,2194.8975,2194.9046,2194.9013,2194.9038,2194.8610,
CPI,0.7663,0.6539,0.6810,0.5106,0.6847,0.6742,0.7045,0.6829,0.6811,0.6808,0.6813,0.5101,
Energy [J],19.8484,0,0,0,0,0,0,0,0,0,0,0,
Power [W],33.1899,0,0,0,0,0,0,0,0,0,0,0,
Energy DRAM [J],0.4191,0,0,0,0,0,0,0,0,0,0,0,
Power DRAM [W],0.7009,0,0,0,0,0,0,0,0,0,0,0,
DP MFLOP/s,0.0003,0.0079,0.1345,0.0019,0.0011,0.0027,0.0193,0.0194,0.0001,0.0001,0.0001,0.0007,
AVX DP MFLOP/s,0,0,0,0,0,0,0,0,0,0,0,0,
Packed MUOPS/s,0,3.344340e-06,2.341038e-05,0,0,0,0.0066,0.0065,0,6.688681e-06,1.337736e-05,1.672170e-05,
Scalar MUOPS/s,0.0003,0.0079,0.1345,0.0019,0.0011,0.0027,0.0062,0.0064,0.0001,0.0001,0.0001,0.0007,
Memory load bandwidth [MBytes/s],603.6596,0,0,0,0,0,0,0,0,0,0,0,
Memory load data volume [GBytes],0.3610,0,0,0,0,0,0,0,0,0,0,0,
Memory evict bandwidth [MBytes/s],59.2856,0,0,0,0,0,0,0,0,0,0,0,
Memory evict data volume [GBytes],0.0355,0,0,0,0,0,0,0,0,0,0,0,
Memory bandwidth [MBytes/s],662.9451,0,0,0,0,0,0,0,0,0,0,0,
Memory data volume [GBytes],0.3965,0,0,0,0,0,0,0,0,0,0,0,
Operational intensity,5.170788e-07,1.187011e-05,0.0002,2.930954e-06,1.687443e-06,4.028170e-06,2.910019e-05,2.932720e-05,1.513401e-07,1.866528e-07,2.143985e-07,1.039202e-06,
TABLE,Group 9 Metric STAT,MEM_DP,19,,,,,,,,,,
Metric,Sum,Min,Max,Avg,,,,,,,,,
Runtime (RDTSC) [s] STAT,7.1760,0.5980,0.5980,0.5980,,,,,,,,,
Runtime unhalted [s] STAT,6.1748,0.5044,0.5718,0.5146,,,,,,,,,
Clock [MHz] STAT,26323.3084,2184.9748,2194.9046,2193.6090,,,,,,,,,
CPI STAT,7.9114,0.5101,0.7663,0.6593,,,,,,,,,
Energy [J] STAT,19.8484,0,19.8484,1.6540,,,,,,,,,
Power [W] STAT,33.1899,0,33.1899,2.7658,,,,,,,,,
Energy DRAM [J] STAT,0.4191,0,0.4191,0.0349,,,,,,,,,
Power DRAM [W] STAT,0.7009,0,0.7009,0.0584,,,,,,,,,
DP MFLOP/s STAT,0.1881,0.0001,0.1345,0.0157,,,,,,,,,
AVX DP MFLOP/s STAT,0,0,0,0,,,,,,,,,
Packed MUOPS/s STAT,0.0132,0,0.0066,0.0011,,,,,,,,,
Scalar MUOPS/s STAT,0.1620,0.0001,0.1345,0.0135,,,,,,,,,
Memory load bandwidth [MBytes/s] STAT,603.6596,0,603.6596,50.3050,,,,,,,,,
Memory load data volume [GBytes] STAT,0.3610,0,0.3610,0.0301,,,,,,,,,
Memory evict bandwidth [MBytes/s] STAT,59.2856,0,59.2856,4.9405,,,,,,,,,
Memory evict data volume [GBytes] STAT,0.0355,0,0.0355,0.0030,,,,,,,,,
Memory bandwidth [MBytes/s] STAT,662.9451,0,662.9451,55.2454,,,,,,,,,
Memory data volume [GBytes] STAT,0.3965,0,0.3965,0.0330,,,,,,,,,
Operational intensity STAT,0.0003,1.513401e-07,0.0002,2.342106e-05,,,,,,,,,
STRUCT,Info,3,,,,,,,,,,,
CPU name:,Intel(R) Core(TM) i7-8750H CPU @ 2.20GHz,,,,,,,,,,,,
CPU type:,Intel Coffeelake processor,,,,,,,,,,,,
CPU clock:,2.208017012 GHz,,,,,,,,,,,,
TABLE,Group 10 Raw,FLOPS_DP,6,,,,,,,,,,
Event,Counter,Core 0,Core 1,Core 2,Core 3,Core 4,Core 5,Core 6,Core 7,Core 8,Core 9,Core 10,Core 11
INSTR_RETIRED_ANY,FIXC0,1671857202,1638841483,1632324142,1673978185,1631049154,1621976836,1647776238,1643037799,1631299987,1638091189,1630458569,1956546644
CPU_CLK_UNHALTED_CORE,FIXC1,1236404550,1142907471,1028568419,1002040855,1025576421,1022729432,1254406430,1032134688,1025726649,1025101634,1024815604,1024731104
CPU_CLK_UNHALTED_REF,FIXC2,1243792528,1149737064,1034714984,1008026612,1031706216,1028839496,1261901440,1038301604,1031856912,1031226620,1030939396,1030852640
FP_ARITH_INST_RETIRED_128B_PACKED_DOUBLE,PMC0,0,2,22,146,0,0,0,3852,0,0,0,298
FP_ARITH_INST_RETIRED_SCALAR_DOUBLE,PMC1,36,97,581,7758,24,2333,81,2489,24,24,24,647
FP_ARITH_INST_RETIRED_256B_PACKED_DOUBLE,PMC2,0,0,0,0,0,0,0,0,0,0,0,0
TABLE,Group 10 Raw STAT,FLOPS_DP,6,,,,,,,,,,
Event,Counter,Sum,Min,Max,Avg,,,,,,,,
INSTR_RETIRED_ANY STAT,FIXC0,20017237428,1621976836,1956546644,1668103119,,,,,,,,
CPU_CLK_UNHALTED_CORE STAT,FIXC1,12845143257,1002040855,1254406430,1.070429e+09,,,,,,,,
CPU_CLK_UNHALTED_REF STAT,FIXC2,12921895512,1008026612,1261901440,1076824626,,,,,,,,
FP_ARITH_INST_RETIRED_128B_PACKED_DOUBLE STAT,PMC0,4320,0,3852,360,,,,,,,,
FP_ARITH_INST_RETIRED_SCALAR_DOUBLE STAT,PMC1,14118,24,7758,1176.5000,,,,,,,,
FP_ARITH_INST_RETIRED_256B_PACKED_DOUBLE STAT,PMC2,0,0,0,0,,,,,,,,
TABLE,Group 10 Metric,FLOPS_DP,9,,,,,,,,,,
Metric,Core 0,Core 1,Core 2,Core 3,Core 4,Core 5,Core 6,Core 7,Core 8,Core 9,Core 10,Core 11,
Runtime (RDTSC) [s],0.5584,0.5584,0.5584,0.5584,0.5584,0.5584,0.5584,0.5584,0.5584,0.5584,0.5584,0.5584,
Runtime unhalted [s],0.5600,0.5176,0.4658,0.4538,0.4645,0.4632,0.5681,0.4674,0.4645,0.4643,0.4641,0.4641,
Clock [MHz],2194.9017,2194.9011,2194.9006,2194.9056,2194.8983,2194.9041,2194.9026,2194.9027,2194.8992,2194.9025,2194.9014,2194.9051,
CPI,0.7395,0.6974,0.6301,0.5986,0.6288,0.6305,0.7613,0.6282,0.6288,0.6258,0.6285,0.5237,
DP MFLOP/s,0.0001,0.0002,0.0011,0.0144,4.297796e-05,0.0042,0.0001,0.0183,4.297796e-05,4.297796e-05,4.297796e-05,0.0022,
AVX DP MFLOP/s,0,0,0,0,0,0,0,0,0,0,0,0,
Packed MUOPS/s,0,3.581497e-06,3.939647e-05,0.0003,0,0,0,0.0069,0,0,0,0.0005,
Scalar MUOPS/s,0.0001,0.0002,0.0010,0.0139,4.297796e-05,0.0042,0.0001,0.0045,4.297796e-05,4.297796e-05,4.297796e-05,0.0012,
Vectorization ratio,0,2.0202,3.6484,1.8472,0,0,0,60.7475,0,0,0,31.5344,
TABLE,Group 10 Metric STAT,FLOPS_DP,9,,,,,,,,,,
Metric,Sum,Min,Max,Avg,,,,,,,,,
Runtime (RDTSC) [s] STAT,6.7008,0.5584,0.5584,0.5584,,,,,,,,,
Runtime unhalted [s] STAT,5.8174,0.4538,0.5681,0.4848,,,,,,,,,
Clock [MHz] STAT,26338.8249,2194.8983,2194.9056,2194.9021,,,,,,,,,
CPI STAT,7.7212,0.5237,0.7613,0.6434,,,,,,,,,
DP MFLOP/s STAT,0.0408,4.297796e-05,0.0183,0.0034,,,,,,,,,
AVX DP MFLOP/s STAT,0,0,0,0,,,,,,,,,
Packed MUOPS/s STAT,0.0077,0,0.0069,0.0006,,,,,,,,,
Scalar MUOPS/s STAT,0.0254,4.297796e-05,0.0139,0.0021,,,,,,,,,
Vectorization ratio STAT,99.7977,0,60.7475,8.3165,,,,,,,,,
STRUCT,Info,3,,,,,,,,,,,
CPU name:,Intel(R) Core(TM) i7-8750H CPU @ 2.20GHz,,,,,,,,,,,,
CPU type:,Intel Coffeelake processor,,,,,,,,,,,,
CPU clock:,2.208017012 GHz,,,,,,,,,,,,
TABLE,Group 11 Raw,UOPS,6,,,,,,,,,,
Event,Counter,Core 0,Core 1,Core 2,Core 3,Core 4,Core 5,Core 6,Core 7,Core 8,Core 9,Core 10,Core 11
INSTR_RETIRED_ANY,FIXC0,1652627601,1602339356,1631873407,1590113481,1635327273,1650898104,1657545925,1665940906,1643061579,1673269984,1642607384,1641655260
CPU_CLK_UNHALTED_CORE,FIXC1,1102285004,1101710350,951489731,878487644,900993992,913734937,1131508407,1114857322,904786944,917968631,904986805,903573541
CPU_CLK_UNHALTED_REF,FIXC2,1108870388,1108292628,957176096,883738844,906378296,919195184,1138268344,1121518548,910193904,923454232,910394280,908973248
UOPS_ISSUED_ANY,PMC0,1817624141,1761570772,1786703038,1738814471,1787864665,1814470086,1821789723,1830389275,1796323671,1829210142,1795861680,1794859441
UOPS_EXECUTED_THREAD,PMC1,1824994346,1768158473,1798744223,1752278378,1801713715,1825297791,1828753159,1837794003,1810236563,1843003918,1809761519,1808773206
UOPS_RETIRED_ALL,PMC2,1941208436,1883905011,1910850628,1859557297,1912551092,1930885945,1948301450,1957492895,1921601813,1953744592,1921078341,1920020408
TABLE,Group 11 Raw STAT,UOPS,6,,,,,,,,,,
Event,Counter,Sum,Min,Max,Avg,,,,,,,,
INSTR_RETIRED_ANY STAT,FIXC0,19687260260,1590113481,1673269984,1.640605e+09,,,,,,,,
CPU_CLK_UNHALTED_CORE STAT,FIXC1,11726383308,878487644,1131508407,977198609,,,,,,,,
CPU_CLK_UNHALTED_REF STAT,FIXC2,11796453992,883738844,1138268344,9.830378e+08,,,,,,,,
UOPS_ISSUED_ANY STAT,PMC0,21575481105,1738814471,1830389275,1.797957e+09,,,,,,,,
UOPS_EXECUTED_THREAD STAT,PMC1,21709509294,1752278378,1843003918,1.809126e+09,,,,,,,,
UOPS_RETIRED_ALL STAT,PMC2,23061197908,1859557297,1957492895,1.921766e+09,,,,,,,,
TABLE,Group 11 Metric,UOPS,7,,,,,,,,,,
Metric,Core 0,Core 1,Core 2,Core 3,Core 4,Core 5,Core 6,Core 7,Core 8,Core 9,Core 10,Core 11,
Runtime (RDTSC) [s],0.4986,0.4986,0.4986,0.4986,0.4986,0.4986,0.4986,0.4986,0.4986,0.4986,0.4986,0.4986,
Runtime unhalted [s],0.4992,0.4990,0.4309,0.3979,0.4081,0.4138,0.5125,0.5049,0.4098,0.4157,0.4099,0.4092,
Clock [MHz],2194.9040,2194.9033,2194.8997,2194.8969,2194.9004,2194.9008,2194.9041,2194.9026,2194.9004,2194.9007,2194.9020,2194.9004,
CPI,0.6670,0.6876,0.5831,0.5525,0.5510,0.5535,0.6826,0.6692,0.5507,0.5486,0.5509,0.5504,
Issued UOPs,1817624141,1761570772,1786703038,1738814471,1787864665,1814470086,1821789723,1830389275,1796323671,1829210142,1795861680,1794859441,
Executed UOPs,1824994346,1768158473,1798744223,1752278378,1801713715,1825297791,1828753159,1837794003,1810236563,1843003918,1809761519,1808773206,
Retired UOPs,1941208436,1883905011,1910850628,1859557297,1912551092,1930885945,1948301450,1957492895,1921601813,1953744592,1921078341,1920020408,
TABLE,Group 11 Metric STAT,UOPS,7,,,,,,,,,,
Metric,Sum,Min,Max,Avg,,,,,,,,,
Runtime (RDTSC) [s] STAT,5.9832,0.4986,0.4986,0.4986,,,,,,,,,
Runtime unhalted [s] STAT,5.3109,0.3979,0.5125,0.4426,,,,,,,,,
Clock [MHz] STAT,26338.8153,2194.8969,2194.9041,2194.9013,,,,,,,,,
CPI STAT,7.1471,0.5486,0.6876,0.5956,,,,,,,,,
Issued UOPs STAT,21575481105,1738814471,1830389275,1.797957e+09,,,,,,,,,
Executed UOPs STAT,21709509294,1752278378,1843003918,1.809126e+09,,,,,,,,,
Retired UOPs STAT,23061197908,1859557297,1957492895,1.921766e+09,,,,,,,,,
STRUCT,Info,3,,,,,,,,,,,
CPU name:,Intel(R) Core(TM) i7-8750H CPU @ 2.20GHz,,,,,,,,,,,,
CPU type:,Intel Coffeelake processor,,,,,,,,,,,,
CPU clock:,2.208017012 GHz,,,,,,,,,,,,
TABLE,Group 12 Raw,TLB_DATA,7,,,,,,,,,,
Event,Counter,Core 0,Core 1,Core 2,Core 3,Core 4,Core 5,Core 6,Core 7,Core 8,Core 9,Core 10,Core 11
INSTR_RETIRED_ANY,FIXC0,1667357743,1592871757,1642969390,1626092556,1626012763,1629105794,1643320776,1655436226,1635109140,1639431611,1627539898,1624532500
CPU_CLK_UNHALTED_CORE,FIXC1,1104846506,1095062312,1123281701,896682306,895681799,897984618,1124949328,1125757735,1002712683,902422540,896481188,894773298
CPU_CLK_UNHALTED_REF,FIXC2,1111450252,1101606712,1129994416,902042428,901034752,903350760,1131671576,1132484488,1008704192,907814784,901838188,900120088
DTLB_LOAD_MISSES_CAUSES_A_WALK,PMC0,45277,52,64,2613,140,8269,894,58,662,7012,438,798
DTLB_STORE_MISSES_CAUSES_A_WALK,PMC1,2516,0,0,207,19,414,55,0,144,501,38,55
DTLB_LOAD_MISSES_WALK_ACTIVE,PMC2,527340,3289,3968,166064,6475,500836,71975,2931,30675,244617,23970,33075
DTLB_STORE_MISSES_WALK_ACTIVE,PMC3,77637,0,0,13046,971,31284,3835,0,6175,24253,2745,4769
TABLE,Group 12 Raw STAT,TLB_DATA,7,,,,,,,,,,
Event,Counter,Sum,Min,Max,Avg,,,,,,,,
INSTR_RETIRED_ANY STAT,FIXC0,19609780154,1592871757,1667357743,1.634148e+09,,,,,,,,
CPU_CLK_UNHALTED_CORE STAT,FIXC1,11960636014,894773298,1125757735,9.967197e+08,,,,,,,,
CPU_CLK_UNHALTED_REF STAT,FIXC2,12032112636,900120088,1132484488,1002676053,,,,,,,,
DTLB_LOAD_MISSES_CAUSES_A_WALK STAT,PMC0,66277,52,45277,5523.0833,,,,,,,,
DTLB_STORE_MISSES_CAUSES_A_WALK STAT,PMC1,3949,0,2516,329.0833,,,,,,,,
DTLB_LOAD_MISSES_WALK_ACTIVE STAT,PMC2,1615215,2931,527340,134601.2500,,,,,,,,
DTLB_STORE_MISSES_WALK_ACTIVE STAT,PMC3,164715,0,77637,13726.2500,,,,,,,,
TABLE,Group 12 Metric,TLB_DATA,10,,,,,,,,,,
Metric,Core 0,Core 1,Core 2,Core 3,Core 4,Core 5,Core 6,Core 7,Core 8,Core 9,Core 10,Core 11,
Runtime (RDTSC) [s],0.4988,0.4988,0.4988,0.4988,0.4988,0.4988,0.4988,0.4988,0.4988,0.4988,0.4988,0.4988,
Runtime unhalted [s],0.5004,0.4959,0.5087,0.4061,0.4056,0.4067,0.5095,0.5099,0.4541,0.4087,0.4060,0.4052,
Clock [MHz],2194.8980,2194.8997,2194.9003,2194.8965,2194.8994,2194.9008,2194.9012,2194.9018,2194.9018,2194.9018,2194.9012,2194.9012,
CPI,0.6626,0.6875,0.6837,0.5514,0.5508,0.5512,0.6846,0.6800,0.6132,0.5504,0.5508,0.5508,
L1 DTLB load misses,45277,52,64,2613,140,8269,894,58,662,7012,438,798,
L1 DTLB load miss rate,2.715494e-05,3.264544e-08,3.895386e-08,1.606920e-06,8.610019e-08,5.075791e-06,5.440204e-07,3.503608e-08,4.048659e-07,4.277092e-06,2.691178e-07,4.912182e-07,
L1 DTLB load miss duration [Cyc],11.6470,63.2500,62,63.5530,46.2500,60.5679,80.5089,50.5345,46.3369,34.8855,54.7260,41.4474,
L1 DTLB store misses,2516,0,0,207,19,414,55,0,144,501,38,55,
L1 DTLB store miss rate,1.508974e-06,0,0,1.272990e-07,1.168503e-08,2.541271e-07,3.346882e-08,0,8.806752e-08,3.055937e-07,2.334812e-08,3.385589e-08,
L1 DTLB store miss duration [Cyc],30.8573,-,-,63.0242,51.1053,75.5652,69.7273,-,42.8819,48.4092,72.2368,86.7091,
TABLE,Group 12 Metric STAT,TLB_DATA,10,,,,,,,,,,
Metric,Sum,Min,Max,Avg,,,,,,,,,
Runtime (RDTSC) [s] STAT,5.9856,0.4988,0.4988,0.4988,,,,,,,,,
Runtime unhalted [s] STAT,5.4168,0.4052,0.5099,0.4514,,,,,,,,,
Clock [MHz] STAT,26338.8037,2194.8965,2194.9018,2194.9003,,,,,,,,,
CPI STAT,7.3170,0.5504,0.6875,0.6097,,,,,,,,,
L1 DTLB load misses STAT,66277,52,45277,5523.0833,,,,,,,,,
L1 DTLB load miss rate STAT,4.001670e-05,3.264544e-08,2.715494e-05,3.334725e-06,,,,,,,,,
L1 DTLB load miss duration [Cyc] STAT,615.7071,11.6470,80.5089,51.3089,,,,,,,,,
L1 DTLB store misses STAT,3949,0,2516,329.0833,,,,,,,,,
L1 DTLB store miss rate STAT,2.386419e-06,0,1.508974e-06,1.988683e-07,,,,,,,,,
L1 DTLB store miss duration [Cyc] STAT,540.5163,30.8573,86.7091,45.0430,,,,,,,,,
STRUCT,Info,3,,,,,,,,,,,
CPU name:,Intel(R) Core(TM) i7-8750H CPU @ 2.20GHz,,,,,,,,,,,,
CPU type:,Intel Coffeelake processor,,,,,,,,,,,,
CPU clock:,2.208017012 GHz,,,,,,,,,,,,
TABLE,Group 13 Raw,CLOCK,6,,,,,,,,,,
Event,Counter,Core 0,Core 1,Core 2,Core 3,Core 4,Core 5,Core 6,Core 7,Core 8,Core 9,Core 10,Core 11
INSTR_RETIRED_ANY,FIXC0,1620372840,1627708352,1628835610,1626170887,1613084334,1609930826,1633220657,1630772529,1630314060,1638809589,1614895336,1614851459
CPU_CLK_UNHALTED_CORE,FIXC1,1082471791,1110354927,1111543036,1071296002,889289870,890266704,1112564443,1112688278,1113018604,918415042,890255540,889435603
CPU_CLK_UNHALTED_REF,FIXC2,1088940612,1116990492,1118184468,1077698304,894604412,895587340,1119213212,1119337044,1119667876,923903376,895574828,894749128
PWR_PKG_ENERGY,PWR0,17.2096,0,0,0,0,0,0,0,0,0,0,0
PWR_DRAM_ENERGY,PWR3,0.3358,0,0,0,0,0,0,0,0,0,0,0
UNCORE_CLOCK,UBOXFIX,0,0,0,0,0,0,0,0,0,0,0,0
TABLE,Group 13 Raw STAT,CLOCK,6,,,,,,,,,,
Event,Counter,Sum,Min,Max,Avg,,,,,,,,
INSTR_RETIRED_ANY STAT,FIXC0,19488966479,1609930826,1638809589,1.624081e+09,,,,,,,,
CPU_CLK_UNHALTED_CORE STAT,FIXC1,12191599840,889289870,1113018604,1.015967e+09,,,,,,,,
CPU_CLK_UNHALTED_REF STAT,FIXC2,12264451092,894604412,1119667876,1022037591,,,,,,,,
PWR_PKG_ENERGY STAT,PWR0,17.2096,0,17.2096,1.4341,,,,,,,,
PWR_DRAM_ENERGY STAT,PWR3,0.3358,0,0.3358,0.0280,,,,,,,,
UNCORE_CLOCK STAT,UBOXFIX,0,0,0,0,,,,,,,,
TABLE,Group 13 Metric,CLOCK,9,,,,,,,,,,
Metric,Core 0,Core 1,Core 2,Core 3,Core 4,Core 5,Core 6,Core 7,Core 8,Core 9,Core 10,Core 11,
Runtime (RDTSC) [s],0.4987,0.4987,0.4987,0.4987,0.4987,0.4987,0.4987,0.4987,0.4987,0.4987,0.4987,0.4987,
Runtime unhalted [s],0.4902,0.5029,0.5034,0.4852,0.4028,0.4032,0.5039,0.5039,0.5041,0.4159,0.4032,0.4028,
Clock [MHz],2194.9003,2194.9001,2194.9025,2194.8998,2194.8999,2194.8993,2194.9001,2194.9016,2194.9045,2194.9006,2194.9024,2194.9046,
Uncore Clock [MHz],0,0,0,0,0,0,0,0,0,0,0,0,
CPI,0.6680,0.6822,0.6824,0.6588,0.5513,0.5530,0.6812,0.6823,0.6827,0.5604,0.5513,0.5508,
Energy [J],17.2096,0,0,0,0,0,0,0,0,0,0,0,
Power [W],34.5124,0,0,0,0,0,0,0,0,0,0,0,
Energy DRAM [J],0.3358,0,0,0,0,0,0,0,0,0,0,0,
Power DRAM [W],0.6733,0,0,0,0,0,0,0,0,0,0,0,
TABLE,Group 13 Metric STAT,CLOCK,9,,,,,,,,,,
Metric,Sum,Min,Max,Avg,,,,,,,,,
Runtime (RDTSC) [s] STAT,5.9844,0.4987,0.4987,0.4987,,,,,,,,,
Runtime unhalted [s] STAT,5.5215,0.4028,0.5041,0.4601,,,,,,,,,
Clock [MHz] STAT,26338.8157,2194.8993,2194.9046,2194.9013,,,,,,,,,
Uncore Clock [MHz] STAT,0,0,0,0,,,,,,,,,
CPI STAT,7.5044,0.5508,0.6827,0.6254,,,,,,,,,
Energy [J] STAT,17.2096,0,17.2096,1.4341,,,,,,,,,
Power [W] STAT,34.5124,0,34.5124,2.8760,,,,,,,,,
Energy DRAM [J] STAT,0.3358,0,0.3358,0.0280,,,,,,,,,
Power DRAM [W] STAT,0.6733,0,0.6733,0.0561,,,,,,,,,
STRUCT,Info,3,,,,,,,,,,,
CPU name:,Intel(R) Core(TM) i7-8750H CPU @ 2.20GHz,,,,,,,,,,,,
CPU type:,Intel Coffeelake processor,,,,,,,,,,,,
CPU clock:,2.208017012 GHz,,,,,,,,,,,,
TABLE,Group 14 Raw,L2,6,,,,,,,,,,
Event,Counter,Core 0,Core 1,Core 2,Core 3,Core 4,Core 5,Core 6,Core 7,Core 8,Core 9,Core 10,Core 11
INSTR_RETIRED_ANY,FIXC0,1662807627,1637959904,1639123560,1638642934,1630267423,1619926158,1637126124,1638682960,1637592984,1637664010,1632340685,1616200827
CPU_CLK_UNHALTED_CORE,FIXC1,1099957313,1117368429,1118599648,1118821740,1005112632,894244247,1118989694,1119568722,1119787015,1120027095,901517124,891448452
CPU_CLK_UNHALTED_REF,FIXC2,1106532668,1124046984,1125283924,1125509508,1011120388,899587224,1125676396,1126257836,1126478176,1126719492,906904536,896775060
L1D_REPLACEMENT,PMC0,127856,1176,1458,1573,4204,77280,8317,1391,4206,943,134661,32196
L1D_M_EVICT,PMC1,37459,359,429,525,1372,16368,2193,336,1611,212,34003,8051
ICACHE_64B_IFTAG_MISS,PMC2,95843,227,201,221,7708,227879,22820,842,654,672,319228,82522
TABLE,Group 14 Raw STAT,L2,6,,,,,,,,,,
Event,Counter,Sum,Min,Max,Avg,,,,,,,,
INSTR_RETIRED_ANY STAT,FIXC0,19628335196,1616200827,1662807627,1.635695e+09,,,,,,,,
CPU_CLK_UNHALTED_CORE STAT,FIXC1,12625442111,891448452,1120027095,1.052120e+09,,,,,,,,
CPU_CLK_UNHALTED_REF STAT,FIXC2,12700892192,896775060,1126719492,1.058408e+09,,,,,,,,
L1D_REPLACEMENT STAT,PMC0,395261,943,134661,32938.4167,,,,,,,,
L1D_M_EVICT STAT,PMC1,102918,212,37459,8576.5000,,,,,,,,
ICACHE_64B_IFTAG_MISS STAT,PMC2,758817,201,319228,63234.7500,,,,,,,,
TABLE,Group 14 Metric,L2,10,,,,,,,,,,
Metric,Core 0,Core 1,Core 2,Core 3,Core 4,Core 5,Core 6,Core 7,Core 8,Core 9,Core 10,Core 11,
Runtime (RDTSC) [s],0.4993,0.4993,0.4993,0.4993,0.4993,0.4993,0.4993,0.4993,0.4993,0.4993,0.4993,0.4993,
Runtime unhalted [s],0.4982,0.5061,0.5066,0.5067,0.4552,0.4050,0.5068,0.5070,0.5071,0.5073,0.4083,0.4037,
Clock [MHz],2194.8963,2194.8980,2194.9012,2194.8970,2194.8977,2194.9028,2194.9010,2194.9031,2194.9016,2194.9020,2194.9004,2194.9020,
CPI,0.6615,0.6822,0.6824,0.6828,0.6165,0.5520,0.6835,0.6832,0.6838,0.6839,0.5523,0.5516,
L2D load bandwidth [MBytes/s],16.3891,0.1507,0.1869,0.2016,0.5389,9.9060,1.0661,0.1783,0.5391,0.1209,17.2613,4.1270,
L2D load data volume [GBytes],0.0082,0.0001,0.0001,0.0001,0.0003,0.0049,0.0005,0.0001,0.0003,0.0001,0.0086,0.0021,
L2D evict bandwidth [MBytes/s],4.8016,0.0460,0.0550,0.0673,0.1759,2.0981,0.2811,0.0431,0.2065,0.0272,4.3586,1.0320,
L2D evict data volume [GBytes],0.0024,2.297600e-05,2.745600e-05,3.360000e-05,0.0001,0.0010,0.0001,2.150400e-05,0.0001,1.356800e-05,0.0022,0.0005,
L2 bandwidth [MBytes/s],33.4762,0.2259,0.2676,0.2973,1.7028,41.2145,4.2724,0.3293,0.8295,0.2342,62.5398,15.7370,
L2 data volume [GBytes],0.0167,0.0001,0.0001,0.0001,0.0009,0.0206,0.0021,0.0002,0.0004,0.0001,0.0312,0.0079,
TABLE,Group 14 Metric STAT,L2,10,,,,,,,,,,
Metric,Sum,Min,Max,Avg,,,,,,,,,
Runtime (RDTSC) [s] STAT,5.9916,0.4993,0.4993,0.4993,,,,,,,,,
Runtime unhalted [s] STAT,5.7180,0.4037,0.5073,0.4765,,,,,,,,,
Clock [MHz] STAT,26338.8031,2194.8963,2194.9031,2194.9003,,,,,,,,,
CPI STAT,7.7157,0.5516,0.6839,0.6430,,,,,,,,,
L2D load bandwidth [MBytes/s] STAT,50.6659,0.1209,17.2613,4.2222,,,,,,,,,
L2D load data volume [GBytes] STAT,0.0254,0.0001,0.0086,0.0021,,,,,,,,,
L2D evict bandwidth [MBytes/s] STAT,13.1924,0.0272,4.8016,1.0994,,,,,,,,,
L2D evict data volume [GBytes] STAT,0.0065,1.356800e-05,0.0024,0.0005,,,,,,,,,
L2 bandwidth [MBytes/s] STAT,161.1265,0.2259,62.5398,13.4272,,,,,,,,,
L2 data volume [GBytes] STAT,0.0804,0.0001,0.0312,0.0067,,,,,,,,,
STRUCT,Info,3,,,,,,,,,,,
CPU name:,Intel(R) Core(TM) i7-8750H CPU @ 2.20GHz,,,,,,,,,,,,
CPU type:,Intel Coffeelake processor,,,,,,,,,,,,
CPU clock:,2.208017012 GHz,,,,,,,,,,,,
TABLE,Group 15 Raw,MEM_SP,10,,,,,,,,,,
Event,Counter,Core 0,Core 1,Core 2,Core 3,Core 4,Core 5,Core 6,Core 7,Core 8,Core 9,Core 10,Core 11
INSTR_RETIRED_ANY,FIXC0,1621600091,1639650513,1640286891,1639781179,1639629266,1636624060,1643597615,1639835251,1639094948,1638725076,1637557475,1628667067
CPU_CLK_UNHALTED_CORE,FIXC1,1084599990,1118282874,1119269859,1119480913,1119707549,951630259,1119867876,1120251060,1120706307,1120974597,1108341500,899795841
CPU_CLK_UNHALTED_REF,FIXC2,1091077864,1124966248,1125958744,1126170436,1126399424,957314924,1126559228,1126945720,1127402960,1127672520,1114964192,905171348
PWR_PKG_ENERGY,PWR0,17.6330,0,0,0,0,0,0,0,0,0,0,0
PWR_DRAM_ENERGY,PWR3,0.3393,0,0,0,0,0,0,0,0,0,0,0
FP_ARITH_INST_RETIRED_128B_PACKED_SINGLE,PMC0,0,0,0,0,0,0,0,0,0,0,0,0
FP_ARITH_INST_RETIRED_SCALAR_SINGLE,PMC1,0,0,0,0,0,121,0,0,0,0,0,121
FP_ARITH_INST_RETIRED_256B_PACKED_SINGLE,PMC2,539548325,550165813,550365846,550183294,550110984,549331395,551465983,550179184,549899535,549766314,549683710,547703676
DRAM_READS,MBOX0C1,4224109,0,0,0,0,0,0,0,0,0,0,0
DRAM_WRITES,MBOX0C2,72059,0,0,0,0,0,0,0,0,0,0,0
TABLE,Group 15 Raw STAT,MEM_SP,10,,,,,,,,,,
Event,Counter,Sum,Min,Max,Avg,,,,,,,,
INSTR_RETIRED_ANY STAT,FIXC0,19645049432,1621600091,1643597615,1.637087e+09,,,,,,,,
CPU_CLK_UNHALTED_CORE STAT,FIXC1,13002908625,899795841,1120974597,1.083576e+09,,,,,,,,
CPU_CLK_UNHALTED_REF STAT,FIXC2,13080603608,905171348,1127672520,1.090050e+09,,,,,,,,
PWR_PKG_ENERGY STAT,PWR0,17.6330,0,17.6330,1.4694,,,,,,,,
PWR_DRAM_ENERGY STAT,PWR3,0.3393,0,0.3393,0.0283,,,,,,,,
FP_ARITH_INST_RETIRED_128B_PACKED_SINGLE STAT,PMC0,0,0,0,0,,,,,,,,
FP_ARITH_INST_RETIRED_SCALAR_SINGLE STAT,PMC1,242,0,121,20.1667,,,,,,,,
FP_ARITH_INST_RETIRED_256B_PACKED_SINGLE STAT,PMC2,6588404059,539548325,551465983,5.490337e+08,,,,,,,,
DRAM_READS STAT,MBOX0C1,4224109,0,4224109,352009.0833,,,,,,,,
DRAM_WRITES STAT,MBOX0C2,72059,0,72059,6004.9167,,,,,,,,
TABLE,Group 15 Metric,MEM_SP,19,,,,,,,,,,
Metric,Core 0,Core 1,Core 2,Core 3,Core 4,Core 5,Core 6,Core 7,Core 8,Core 9,Core 10,Core 11,
Runtime (RDTSC) [s],0.4991,0.4991,0.4991,0.4991,0.4991,0.4991,0.4991,0.4991,0.4991,0.4991,0.4991,0.4991,
Runtime unhalted [s],0.4912,0.5065,0.5069,0.5070,0.5071,0.4310,0.5072,0.5074,0.5076,0.5077,0.5020,0.4075,
Clock [MHz],2194.9077,2194.8993,2194.9000,2194.9013,2194.8993,2194.9055,2194.9022,2194.9002,2194.9016,2194.9023,2194.9018,2194.9043,
CPI,0.6688,0.6820,0.6824,0.6827,0.6829,0.5815,0.6814,0.6831,0.6837,0.6841,0.6768,0.5525,
Energy [J],17.6330,0,0,0,0,0,0,0,0,0,0,0,
Power [W],35.3279,0,0,0,0,0,0,0,0,0,0,0,
Energy DRAM [J],0.3393,0,0,0,0,0,0,0,0,0,0,0,
Power DRAM [W],0.6798,0,0,0,0,0,0,0,0,0,0,0,
SP MFLOP/s,8647.9360,8818.1142,8821.3204,8818.3944,8817.2354,8804.7403,8838.9535,8818.3285,8813.8463,8811.7110,8810.3870,8778.6511,
AVX SP MFLOP/s,8647.9360,8818.1142,8821.3204,8818.3944,8817.2354,8804.7401,8838.9535,8818.3285,8813.8463,8811.7110,8810.3870,8778.6509,
Packed MUOPS/s,1080.9920,1102.2643,1102.6650,1102.2993,1102.1544,1100.5925,1104.8692,1102.2911,1101.7308,1101.4639,1101.2984,1097.3314,
Scalar MUOPS/s,0,0,0,0,0,0.0002,0,0,0,0,0,0.0002,
Memory load bandwidth [MBytes/s],541.6356,0,0,0,0,0,0,0,0,0,0,0,
Memory load data volume [GBytes],0.2703,0,0,0,0,0,0,0,0,0,0,0,
Memory evict bandwidth [MBytes/s],9.2398,0,0,0,0,0,0,0,0,0,0,0,
Memory evict data volume [GBytes],0.0046,0,0,0,0,0,0,0,0,0,0,0,
Memory bandwidth [MBytes/s],550.8754,0,0,0,0,0,0,0,0,0,0,0,
Memory data volume [GBytes],0.2750,0,0,0,0,0,0,0,0,0,0,0,
Operational intensity,15.6985,16.0075,16.0133,16.0080,16.0059,15.9832,16.0453,16.0078,15.9997,15.9958,15.9934,15.9358,
TABLE,Group 15 Metric STAT,MEM_SP,19,,,,,,,,,,
Metric,Sum,Min,Max,Avg,,,,,,,,,
Runtime (RDTSC) [s] STAT,5.9892,0.4991,0.4991,0.4991,,,,,,,,,
Runtime unhalted [s] STAT,5.8891,0.4075,0.5077,0.4908,,,,,,,,,
Clock [MHz] STAT,26338.8255,2194.8993,2194.9077,2194.9021,,,,,,,,,
CPI STAT,7.9419,0.5525,0.6841,0.6618,,,,,,,,,
Energy [J] STAT,17.6330,0,17.6330,1.4694,,,,,,,,,
Power [W] STAT,35.3279,0,35.3279,2.9440,,,,,,,,,
Energy DRAM [J] STAT,0.3393,0,0.3393,0.0283,,,,,,,,,
Power DRAM [W] STAT,0.6798,0,0.6798,0.0566,,,,,,,,,
SP MFLOP/s STAT,105599.6181,8647.9360,8838.9535,8799.9682,,,,,,,,,
AVX SP MFLOP/s STAT,105599.6177,8647.9360,8838.9535,8799.9681,,,,,,,,,
Packed MUOPS/s STAT,13199.9523,1080.9920,1104.8692,1099.9960,,,,,,,,,
Scalar MUOPS/s STAT,0.0004,0,0.0002,3.333333e-05,,,,,,,,,
Memory load bandwidth [MBytes/s] STAT,541.6356,0,541.6356,45.1363,,,,,,,,,
Memory load data volume [GBytes] STAT,0.2703,0,0.2703,0.0225,,,,,,,,,
Memory evict bandwidth [MBytes/s] STAT,9.2398,0,9.2398,0.7700,,,,,,,,,
Memory evict data volume [GBytes] STAT,0.0046,0,0.0046,0.0004,,,,,,,,,
Memory bandwidth [MBytes/s] STAT,550.8754,0,550.8754,45.9063,,,,,,,,,
Memory data volume [GBytes] STAT,0.2750,0,0.2750,0.0229,,,,,,,,,
Operational intensity STAT,191.6942,15.6985,16.0453,15.9745,,,,,,,,,
STRUCT,Info,3,,,,,,,,,,,
CPU name:,Intel(R) Core(TM) i7-8750H CPU @ 2.20GHz,,,,,,,,,,,,
CPU type:,Intel Coffeelake processor,,,,,,,,,,,,
CPU clock:,2.208017012 GHz,,,,,,,,,,,,
TABLE,Group 16 Raw,ENERGY,8,,,,,,,,,,
Event,Counter,Core 0,Core 1,Core 2,Core 3,Core 4,Core 5,Core 6,Core 7,Core 8,Core 9,Core 10,Core 11
INSTR_RETIRED_ANY,FIXC0,1804527299,1813276452,1815348133,1815795037,1816256029,1818799358,1821014341,1818909320,1819295652,1819988867,1820473661,1816140458
CPU_CLK_UNHALTED_CORE,FIXC1,1090293016,1109818893,1111182317,1111821735,1112369784,1112798991,1113657413,1114234884,1115049688,1115671270,1116065795,1006613134
CPU_CLK_UNHALTED_REF,FIXC2,1096811028,1116450820,1117822356,1118466356,1119017620,1119448548,1120311876,1120892948,1121712208,1122337072,1122733960,1012627624
TEMP_CORE,TMP0,227,225,226,229,223,223,227,225,226,229,223,223
PWR_PKG_ENERGY,PWR0,18.2802,0,0,0,0,0,0,0,0,0,0,0
PWR_PP0_ENERGY,PWR1,12.3499,0,0,0,0,0,0,0,0,0,0,0
PWR_PP1_ENERGY,PWR2,0,0,0,0,0,0,0,0,0,0,0,0
PWR_DRAM_ENERGY,PWR3,0.3340,0,0,0,0,0,0,0,0,0,0,0
TABLE,Group 16 Raw STAT,ENERGY,8,,,,,,,,,,
Event,Counter,Sum,Min,Max,Avg,,,,,,,,
INSTR_RETIRED_ANY STAT,FIXC0,21799824607,1804527299,1821014341,1.816652e+09,,,,,,,,
CPU_CLK_UNHALTED_CORE STAT,FIXC1,13229576920,1006613134,1116065795,1.102465e+09,,,,,,,,
CPU_CLK_UNHALTED_REF STAT,FIXC2,13308632416,1012627624,1122733960,1.109053e+09,,,,,,,,
TEMP_CORE STAT,TMP0,2706,223,229,225.5000,,,,,,,,
PWR_PKG_ENERGY STAT,PWR0,18.2802,0,18.2802,1.5233,,,,,,,,
PWR_PP0_ENERGY STAT,PWR1,12.3499,0,12.3499,1.0292,,,,,,,,
PWR_PP1_ENERGY STAT,PWR2,0,0,0,0,,,,,,,,
PWR_DRAM_ENERGY STAT,PWR3,0.3340,0,0.3340,0.0278,,,,,,,,
TABLE,Group 16 Metric,ENERGY,13,,,,,,,,,,
Metric,Core 0,Core 1,Core 2,Core 3,Core 4,Core 5,Core 6,Core 7,Core 8,Core 9,Core 10,Core 11,
Runtime (RDTSC) [s],0.4991,0.4991,0.4991,0.4991,0.4991,0.4991,0.4991,0.4991,0.4991,0.4991,0.4991,0.4991,
Runtime unhalted [s],0.4938,0.5026,0.5032,0.5035,0.5038,0.5040,0.5044,0.5046,0.5050,0.5053,0.5055,0.4559,
Clock [MHz],2194.8954,2194.9010,2194.9010,2194.8996,2194.8997,2194.9013,2194.9018,2194.9015,2194.9023,2194.9031,2194.9031,2194.9025,
CPI,0.6042,0.6121,0.6121,0.6123,0.6125,0.6118,0.6116,0.6126,0.6129,0.6130,0.6131,0.5543,
Temperature [C],227,225,226,229,223,223,227,225,226,229,223,223,
Energy [J],18.2802,0,0,0,0,0,0,0,0,0,0,0,
Power [W],36.6280,0,0,0,0,0,0,0,0,0,0,0,
Energy PP0 [J],12.3499,0,0,0,0,0,0,0,0,0,0,0,
Power PP0 [W],24.7454,0,0,0,0,0,0,0,0,0,0,0,
Energy PP1 [J],0,0,0,0,0,0,0,0,0,0,0,0,
Power PP1 [W],0,0,0,0,0,0,0,0,0,0,0,0,
Energy DRAM [J],0.3340,0,0,0,0,0,0,0,0,0,0,0,
Power DRAM [W],0.6693,0,0,0,0,0,0,0,0,0,0,0,
TABLE,Group 16 Metric STAT,ENERGY,13,,,,,,,,,,
Metric,Sum,Min,Max,Avg,,,,,,,,,
Runtime (RDTSC) [s] STAT,5.9892,0.4991,0.4991,0.4991,,,,,,,,,
Runtime unhalted [s] STAT,5.9916,0.4559,0.5055,0.4993,,,,,,,,,
Clock [MHz] STAT,26338.8123,2194.8954,2194.9031,2194.9010,,,,,,,,,
CPI STAT,7.2825,0.5543,0.6131,0.6069,,,,,,,,,
Temperature [C] STAT,2706,223,229,225.5000,,,,,,,,,
Energy [J] STAT,18.2802,0,18.2802,1.5233,,,,,,,,,
Power [W] STAT,36.6280,0,36.6280,3.0523,,,,,,,,,
Energy PP0 [J] STAT,12.3499,0,12.3499,1.0292,,,,,,,,,
Power PP0 [W] STAT,24.7454,0,24.7454,2.0621,,,,,,,,,
Energy PP1 [J] STAT,0,0,0,0,,,,,,,,,
Power PP1 [W] STAT,0,0,0,0,,,,,,,,,
Energy DRAM [J] STAT,0.3340,0,0.3340,0.0278,,,,,,,,,
Power DRAM [W] STAT,0.6693,0,0.6693,0.0558,,,,,,,,,
STRUCT,Info,3,,,,,,,,,,,
CPU name:,Intel(R) Core(TM) i7-8750H CPU @ 2.20GHz,,,,,,,,,,,,
CPU type:,Intel Coffeelake processor,,,,,,,,,,,,
CPU clock:,2.208017012 GHz,,,,,,,,,,,,
TABLE,Group 17 Raw,ICACHE,6,,,,,,,,,,
Event,Counter,Core 0,Core 1,Core 2,Core 3,Core 4,Core 5,Core 6,Core 7,Core 8,Core 9,Core 10,Core 11
INSTR_RETIRED_ANY,FIXC0,2028782684,2028135913,2030729351,1937187799,2031171064,2036871091,2034694757,2033491410,2036794015,2050730027,2038226003,2016054875
CPU_CLK_UNHALTED_CORE,FIXC1,1117413379,1116946599,1118498147,1071962587,1119174087,1119326497,1120516039,1120488056,1121661325,1121994446,1122410491,1113248899
CPU_CLK_UNHALTED_REF,FIXC2,1124091696,1123620748,1125181896,1078367880,1125862328,1126014956,1127211692,1127182804,1128361876,1128697584,1129116000,1119901188
ICACHE_64B_IFTAG_ALL,PMC0,378259984,378156957,378622798,363072712,378739772,380138321,379366905,379319140,379754173,382354511,380022594,376254599
ICACHE_64B_IFTAG_MISS,PMC1,360,5592,262,367952,9435,68713,1580,43092,188,882,703,85540
ICACHE_64B_IFTAG_STALL,PMC2,11048,39775,9350,99666,76444,309461,20352,163576,9013,14398,16675,650091
TABLE,Group 17 Raw STAT,ICACHE,6,,,,,,,,,,
Event,Counter,Sum,Min,Max,Avg,,,,,,,,
INSTR_RETIRED_ANY STAT,FIXC0,24302868989,1937187799,2050730027,2.025239e+09,,,,,,,,
CPU_CLK_UNHALTED_CORE STAT,FIXC1,13383640552,1071962587,1122410491,1.115303e+09,,,,,,,,
CPU_CLK_UNHALTED_REF STAT,FIXC2,13463610648,1078367880,1129116000,1121967554,,,,,,,,
ICACHE_64B_IFTAG_ALL STAT,PMC0,4534062466,363072712,382354511,3.778385e+08,,,,,,,,
ICACHE_64B_IFTAG_MISS STAT,PMC1,584299,188,367952,48691.5833,,,,,,,,
ICACHE_64B_IFTAG_STALL STAT,PMC2,1419849,9013,650091,118320.7500,,,,,,,,
TABLE,Group 17 Metric,ICACHE,9,,,,,,,,,,
Metric,Core 0,Core 1,Core 2,Core 3,Core 4,Core 5,Core 6,Core 7,Core 8,Core 9,Core 10,Core 11,
Runtime (RDTSC) [s],0.4994,0.4994,0.4994,0.4994,0.4994,0.4994,0.4994,0.4994,0.4994,0.4994,0.4994,0.4994,
Runtime unhalted [s],0.5061,0.5059,0.5066,0.4855,0.5069,0.5069,0.5075,0.5075,0.5080,0.5081,0.5083,0.5042,
Clock [MHz],2194.8990,2194.9017,2194.9011,2194.9018,2194.9002,2194.9015,2194.9014,2194.9028,2194.9051,2194.9040,2194.9042,2194.9012,
CPI,0.5508,0.5507,0.5508,0.5534,0.5510,0.5495,0.5507,0.5510,0.5507,0.5471,0.5507,0.5522,
L1I request rate,0.1864,0.1865,0.1864,0.1874,0.1865,0.1866,0.1864,0.1865,0.1864,0.1864,0.1864,0.1866,
L1I miss rate,1.774463e-07,2.757212e-06,1.290177e-07,0.0002,4.645104e-06,3.373458e-05,7.765293e-07,2.119114e-05,9.230192e-08,4.300907e-07,3.449078e-07,4.242940e-05,
L1I miss ratio,9.517264e-07,1.478751e-05,6.919816e-07,0.0010,2.491156e-05,0.0002,4.164834e-06,0.0001,4.950571e-07,2.306760e-06,1.849890e-06,0.0002,
L1I stalls,11048,39775,9350,99666,76444,309461,20352,163576,9013,14398,16675,650091,
L1I stall rate,5.445630e-06,1.961160e-05,4.604257e-06,0.0001,3.763543e-05,0.0002,1.000248e-05,0.0001,4.425092e-06,7.020914e-06,8.181134e-06,0.0003,
TABLE,Group 17 Metric STAT,ICACHE,9,,,,,,,,,,
Metric,Sum,Min,Max,Avg,,,,,,,,,
Runtime (RDTSC) [s] STAT,5.9928,0.4994,0.4994,0.4994,,,,,,,,,
Runtime unhalted [s] STAT,6.0615,0.4855,0.5083,0.5051,,,,,,,,,
Clock [MHz] STAT,26338.8240,2194.8990,2194.9051,2194.9020,,,,,,,,,
CPI STAT,6.6086,0.5471,0.5534,0.5507,,,,,,,,,
L1I request rate STAT,2.2385,0.1864,0.1874,0.1865,,,,,,,,,
L1I miss rate STAT,0.0003,9.230192e-08,0.0002,2.555898e-05,,,,,,,,,
L1I miss ratio STAT,0.0016,4.950571e-07,0.0010,0.0001,,,,,,,,,
L1I stalls STAT,1419849,9013,650091,118320.7500,,,,,,,,,
L1I stall rate STAT,0.0008,4.425092e-06,0.0003,0.0001,,,,,,,,,
STRUCT,Info,3,,,,,,,,,,,
CPU name:,Intel(R) Core(TM) i7-8750H CPU @ 2.20GHz,,,,,,,,,,,,
CPU type:,Intel Coffeelake processor,,,,,,,,,,,,
CPU clock:,2.208017012 GHz,,,,,,,,,,,,
TABLE,Group 18 Raw,BRANCH,5,,,,,,,,,,
Event,Counter,Core 0,Core 1,Core 2,Core 3,Core 4,Core 5,Core 6,Core 7,Core 8,Core 9,Core 10,Core 11
INSTR_RETIRED_ANY,FIXC0,2022134152,2022028666,2023358711,2016975796,2023691482,2023596562,2025174048,2021510950,2027907399,2030004256,2030352804,2028460031
CPU_CLK_UNHALTED_CORE,FIXC1,1113666855,1113346471,1114569218,1111179529,1114919379,1115104303,1115903924,1114435317,1116872682,1117639544,1118147422,1117695126
CPU_CLK_UNHALTED_REF,FIXC2,1120321628,1119999628,1121230036,1117820792,1121581292,1121766672,1122569832,1121093784,1123545216,1124316176,1124826960,1124372296
BR_INST_RETIRED_ALL_BRANCHES,PMC0,222777965,222766227,222912752,222222352,222965578,223067672,223135228,222786914,223413870,223768120,223683695,223528360
BR_MISP_RETIRED_ALL_BRANCHES,PMC1,318,279,254,1771,1284,18260,4424,6534,262,9192,367,7543
TABLE,Group 18 Raw STAT,BRANCH,5,,,,,,,,,,
Event,Counter,Sum,Min,Max,Avg,,,,,,,,
INSTR_RETIRED_ANY STAT,FIXC0,24295194857,2016975796,2030352804,2.024600e+09,,,,,,,,
CPU_CLK_UNHALTED_CORE STAT,FIXC1,13383479770,1111179529,1118147422,1.115290e+09,,,,,,,,
CPU_CLK_UNHALTED_REF STAT,FIXC2,13463444312,1117820792,1124826960,1.121954e+09,,,,,,,,
BR_INST_RETIRED_ALL_BRANCHES STAT,PMC0,2677028733,222222352,223768120,2.230857e+08,,,,,,,,
BR_MISP_RETIRED_ALL_BRANCHES STAT,PMC1,50488,254,18260,4207.3333,,,,,,,,
TABLE,Group 18 Metric,BRANCH,8,,,,,,,,,,
Metric,Core 0,Core 1,Core 2,Core 3,Core 4,Core 5,Core 6,Core 7,Core 8,Core 9,Core 10,Core 11,
Runtime (RDTSC) [s],0.4991,0.4991,0.4991,0.4991,0.4991,0.4991,0.4991,0.4991,0.4991,0.4991,0.4991,0.4991,
Runtime unhalted [s],0.5044,0.5042,0.5048,0.5032,0.5049,0.5050,0.5054,0.5047,0.5058,0.5062,0.5064,0.5062,
Clock [MHz],2194.9013,2194.9007,2194.9000,2194.8986,2194.9019,2194.9032,2194.9056,2194.9030,2194.9040,2194.9049,2194.9052,2194.9045,
CPI,0.5507,0.5506,0.5509,0.5509,0.5509,0.5511,0.5510,0.5513,0.5508,0.5506,0.5507,0.5510,
Branch rate,0.1102,0.1102,0.1102,0.1102,0.1102,0.1102,0.1102,0.1102,0.1102,0.1102,0.1102,0.1102,
Branch misprediction rate,1.572596e-07,1.379802e-07,1.255338e-07,8.780472e-07,6.344841e-07,9.023538e-06,2.184504e-06,3.232236e-06,1.291972e-07,4.528069e-06,1.807568e-07,3.718584e-06,
Branch misprediction ratio,1.427430e-06,1.252434e-06,1.139459e-06,7.969495e-06,5.758736e-06,0.0001,1.982654e-05,2.932847e-05,1.172711e-06,4.107824e-05,1.640710e-06,3.374516e-05,
Instructions per branch,9.0769,9.0769,9.0769,9.0764,9.0763,9.0717,9.0760,9.0737,9.0769,9.0719,9.0769,9.0747,
TABLE,Group 18 Metric STAT,BRANCH,8,,,,,,,,,,
Metric,Sum,Min,Max,Avg,,,,,,,,,
Runtime (RDTSC) [s] STAT,5.9892,0.4991,0.4991,0.4991,,,,,,,,,
Runtime unhalted [s] STAT,6.0612,0.5032,0.5064,0.5051,,,,,,,,,
Clock [MHz] STAT,26338.8329,2194.8986,2194.9056,2194.9027,,,,,,,,,
CPI STAT,6.6105,0.5506,0.5513,0.5509,,,,,,,,,
Branch rate STAT,1.3224,0.1102,0.1102,0.1102,,,,,,,,,
Branch misprediction rate STAT,2.493019e-05,1.255338e-07,9.023538e-06,2.077516e-06,,,,,,,,,
Branch misprediction ratio STAT,0.0002,1.139459e-06,0.0001,2.036162e-05,,,,,,,,,
Instructions per branch STAT,108.9052,9.0717,9.0769,9.0754,,,,,,,,,
STRUCT,Info,3,,,,,,,,,,,
CPU name:,Intel(R) Core(TM) i7-8750H CPU @ 2.20GHz,,,,,,,,,,,,
CPU type:,Intel Coffeelake processor,,,,,,,,,,,,
CPU clock:,2.208017012 GHz,,,,,,,,,,,,
TABLE,Group 19 Raw,RECOVERY,5,,,,,,,,,,
Event,Counter,Core 0,Core 1,Core 2,Core 3,Core 4,Core 5,Core 6,Core 7,Core 8,Core 9,Core 10,Core 11
INSTR_RETIRED_ANY,FIXC0,2023497853,1996362648,2023227911,1930934694,2023265225,2028957365,2022127161,2029690090,2023900913,2037142651,2023679936,2020267721
CPU_CLK_UNHALTED_CORE,FIXC1,1114355328,1099748130,1114500673,1068379103,1114448240,1114748403,1114542767,1114436303,1114732015,1114686678,1114542523,1113386988
CPU_CLK_UNHALTED_REF,FIXC2,1121014756,1106319780,1121159196,1074768012,1121106020,1121408976,1121202252,1121094152,1121392048,1121345128,1121199400,1120037348
INT_MISC_RECOVERY_CYCLES,PMC0,9635,21162,9432,537878,9567,10548,48836,9674,9795,9862,10058,40483
INT_MISC_RECOVERY_COUNT,PMC1,1570,3534,1538,92111,1553,1732,8233,1545,1557,1575,1601,6802
TABLE,Group 19 Raw STAT,RECOVERY,5,,,,,,,,,,
Event,Counter,Sum,Min,Max,Avg,,,,,,,,
INSTR_RETIRED_ANY STAT,FIXC0,24183054168,1930934694,2037142651,2015254514,,,,,,,,
CPU_CLK_UNHALTED_CORE STAT,FIXC1,13312507151,1068379103,1114748403,1.109376e+09,,,,,,,,
CPU_CLK_UNHALTED_REF STAT,FIXC2,13392047068,1074768012,1121408976,1.116004e+09,,,,,,,,
INT_MISC_RECOVERY_CYCLES STAT,PMC0,726930,9432,537878,60577.5000,,,,,,,,
INT_MISC_RECOVERY_COUNT STAT,PMC1,123351,1538,92111,10279.2500,,,,,,,,
TABLE,Group 19 Metric,RECOVERY,5,,,,,,,,,,
Metric,Core 0,Core 1,Core 2,Core 3,Core 4,Core 5,Core 6,Core 7,Core 8,Core 9,Core 10,Core 11,
Runtime (RDTSC) [s],0.4994,0.4994,0.4994,0.4994,0.4994,0.4994,0.4994,0.4994,0.4994,0.4994,0.4994,0.4994,
Runtime unhalted [s],0.5047,0.4981,0.5048,0.4839,0.5047,0.5049,0.5048,0.5047,0.5049,0.5048,0.5048,0.5042,
Clock [MHz],2194.9002,2194.9012,2194.9037,2194.8916,2194.9045,2194.9026,2194.9023,2194.9042,2194.9034,2194.9060,2194.9074,2194.9066,
CPI,0.5507,0.5509,0.5509,0.5533,0.5508,0.5494,0.5512,0.5491,0.5508,0.5472,0.5508,0.5511,
Avg. recovery duration,6.1369,5.9881,6.1326,5.8395,6.1603,6.0901,5.9317,6.2615,6.2909,6.2616,6.2823,5.9516,
TABLE,Group 19 Metric STAT,RECOVERY,5,,,,,,,,,,
Metric,Sum,Min,Max,Avg,,,,,,,,,
Runtime (RDTSC) [s] STAT,5.9928,0.4994,0.4994,0.4994,,,,,,,,,
Runtime unhalted [s] STAT,6.0293,0.4839,0.5049,0.5024,,,,,,,,,
Clock [MHz] STAT,26338.8337,2194.8916,2194.9074,2194.9028,,,,,,,,,
CPI STAT,6.6062,0.5472,0.5533,0.5505,,,,,,,,,
Avg. recovery duration STAT,73.3271,5.8395,6.2909,6.1106,,,,,,,,,
STRUCT,Info,3,,,,,,,,,,,
CPU name:,Intel(R) Core(TM) i7-8750H CPU @ 2.20GHz,,,,,,,,,,,,
CPU type:,Intel Coffeelake processor,,,,,,,,,,,,
CPU clock:,2.208017012 GHz,,,,,,,,,,,,
TABLE,Group 20 Raw,DIVIDE,5,,,,,,,,,,
Event,Counter,Core 0,Core 1,Core 2,Core 3,Core 4,Core 5,Core 6,Core 7,Core 8,Core 9,Core 10,Core 11
INSTR_RETIRED_ANY,FIXC0,2023484997,1972268836,2024895436,2016087741,2025589491,2023661910,2025424934,2036105855,2029440300,2032714749,2030653889,2029837119
CPU_CLK_UNHALTED_CORE,FIXC1,1114308149,1086549110,1115301310,1110918371,1115779159,1115377636,1116196818,1115495103,1117721332,1118252261,1118413734,1117436842
CPU_CLK_UNHALTED_REF,FIXC2,1120967560,1093041144,1121965300,1117558960,1122445540,1122041568,1122865244,1122159236,1124397044,1124931840,1125094128,1124113776
ARITH_DIVIDER_COUNT,PMC0,0,204,0,12,0,551,87,149,0,0,2,97
ARITH_DIVIDER_ACTIVE,PMC1,0,2049,0,96,0,4537,724,1333,0,0,17,773
TABLE,Group 20 Raw STAT,DIVIDE,5,,,,,,,,,,
Event,Counter,Sum,Min,Max,Avg,,,,,,,,
INSTR_RETIRED_ANY STAT,FIXC0,24270165257,1972268836,2036105855,2.022514e+09,,,,,,,,
CPU_CLK_UNHALTED_CORE STAT,FIXC1,13361749825,1086549110,1118413734,1.113479e+09,,,,,,,,
CPU_CLK_UNHALTED_REF STAT,FIXC2,13441581340,1093041144,1125094128,1.120132e+09,,,,,,,,
ARITH_DIVIDER_COUNT STAT,PMC0,1102,0,551,91.8333,,,,,,,,
ARITH_DIVIDER_ACTIVE STAT,PMC1,9529,0,4537,794.0833,,,,,,,,
TABLE,Group 20 Metric,DIVIDE,6,,,,,,,,,,
Metric,Core 0,Core 1,Core 2,Core 3,Core 4,Core 5,Core 6,Core 7,Core 8,Core 9,Core 10,Core 11,
Runtime (RDTSC) [s],0.4994,0.4994,0.4994,0.4994,0.4994,0.4994,0.4994,0.4994,0.4994,0.4994,0.4994,0.4994,
Runtime unhalted [s],0.5047,0.4921,0.5051,0.5031,0.5053,0.5051,0.5055,0.5052,0.5062,0.5065,0.5065,0.5061,
Clock [MHz],2194.8997,2194.9027,2194.9023,2194.8969,2194.9033,2194.9033,2194.9041,2194.9043,2194.9077,2194.9063,2194.9066,2194.9020,
CPI,0.5507,0.5509,0.5508,0.5510,0.5508,0.5512,0.5511,0.5479,0.5508,0.5501,0.5508,0.5505,
Number of divide ops,0,204,0,12,0,551,87,149,0,0,2,97,
Avg. divide unit usage duration,-,10.0441,-,8,-,8.2341,8.3218,8.9463,-,-,8.5000,7.9691,
TABLE,Group 20 Metric STAT,DIVIDE,6,,,,,,,,,,
Metric,Sum,Min,Max,Avg,,,,,,,,,
Runtime (RDTSC) [s] STAT,5.9928,0.4994,0.4994,0.4994,,,,,,,,,
Runtime unhalted [s] STAT,6.0514,0.4921,0.5065,0.5043,,,,,,,,,
Clock [MHz] STAT,26338.8392,2194.8969,2194.9077,2194.9033,,,,,,,,,
CPI STAT,6.6066,0.5479,0.5512,0.5505,,,,,,,,,
Number of divide ops STAT,1102,0,551,91.8333,,,,,,,,,
Avg. divide unit usage duration STAT,60.0154,7.9691,10.0441,5.0013,,,,,,,,,
STRUCT,Info,3,,,,,,,,,,,
CPU name:,Intel(R) Core(TM) i7-8750H CPU @ 2.20GHz,,,,,,,,,,,,
CPU type:,Intel Coffeelake processor,,,,,,,,,,,,
CPU clock:,2.208017012 GHz,,,,,,,,,,,,
TABLE,Group 21 Raw,UOPS_EXEC,7,,,,,,,,,,
Event,Counter,Core 0,Core 1,Core 2,Core 3,Core 4,Core 5,Core 6,Core 7,Core 8,Core 9,Core 10,Core 11
INSTR_RETIRED_ANY,FIXC0,2032619149,2009187338,2031252687,1935779137,2031317097,2031860426,2029729269,2015598754,2032896857,2046966011,2032853695,2031081121
CPU_CLK_UNHALTED_CORE,FIXC1,1119292361,1104520078,1118843252,1070991037,1118836865,1118002974,1118549269,1112630912,1119563473,1119597025,1119584791,1118817055
CPU_CLK_UNHALTED_REF,FIXC2,1125979536,1111119328,1125527540,1077387344,1125521928,1124683900,1125231024,1119279636,1126251120,1126284700,1126271084,1125499204
UOPS_EXECUTED_USED_CYCLES,PMC0,992246456,980686860,991755930,950068266,999298231,990808777,991177113,983222097,990871179,997994223,997316837,993479630
UOPS_EXECUTED_STALL_CYCLES,PMC1,127045905,123833218,127087322,120922771,119538634,127194197,127372156,129408815,128692294,121602802,122267954,125337425
CPU_CLOCK_UNHALTED_TOTAL_CYCLES,PMC2,1119292361,1104520078,1118843252,1070991037,1118836865,1118002974,1118549269,1112630912,1119563473,1119597025,1119584791,1118817055
UOPS_EXECUTED_STALL_CYCLES,PMC3,124896594,120758071,124574519,116216364,118016785,123883853,124749033,122775014,126538173,119545032,120365710,122753037
TABLE,Group 21 Raw STAT,UOPS_EXEC,7,,,,,,,,,,
Event,Counter,Sum,Min,Max,Avg,,,,,,,,
INSTR_RETIRED_ANY STAT,FIXC0,24261141541,1935779137,2046966011,2.021762e+09,,,,,,,,
CPU_CLK_UNHALTED_CORE STAT,FIXC1,13359229092,1070991037,1119597025,1113269091,,,,,,,,
CPU_CLK_UNHALTED_REF STAT,FIXC2,13439036344,1077387344,1126284700,1.119920e+09,,,,,,,,
UOPS_EXECUTED_USED_CYCLES STAT,PMC0,11858925599,950068266,999298231,9.882438e+08,,,,,,,,
UOPS_EXECUTED_STALL_CYCLES STAT,PMC1,1500303493,119538634,129408815,1.250253e+08,,,,,,,,
CPU_CLOCK_UNHALTED_TOTAL_CYCLES STAT,PMC2,13359229092,1070991037,1119597025,1113269091,,,,,,,,
UOPS_EXECUTED_STALL_CYCLES STAT,PMC3,1465072185,116216364,126538173,1.220893e+08,,,,,,,,
TABLE,Group 21 Metric,UOPS_EXEC,7,,,,,,,,,,
Metric,Core 0,Core 1,Core 2,Core 3,Core 4,Core 5,Core 6,Core 7,Core 8,Core 9,Core 10,Core 11,
Runtime (RDTSC) [s],0.4994,0.4994,0.4994,0.4994,0.4994,0.4994,0.4994,0.4994,0.4994,0.4994,0.4994,0.4994,
Runtime unhalted [s],0.5069,0.5002,0.5067,0.4850,0.5067,0.5063,0.5066,0.5039,0.5070,0.5071,0.5071,0.5067,
Clock [MHz],2194.9036,2194.9030,2194.9040,2194.9083,2194.9024,2194.9008,2194.9055,2194.9010,2194.9059,2194.9062,2194.9088,2194.9079,
CPI,0.5507,0.5497,0.5508,0.5533,0.5508,0.5502,0.5511,0.5520,0.5507,0.5470,0.5507,0.5508,
Used cycles ratio [%],88.6494,88.7885,88.6412,88.7093,89.3158,88.6231,88.6127,88.3691,88.5051,89.1387,89.0792,88.7973,
Unused cycles ratio [%],11.3506,11.2115,11.3588,11.2907,10.6842,11.3769,11.3873,11.6309,11.4949,10.8613,10.9208,11.2027,
Avg stall duration [cycles],1.0172,1.0255,1.0202,1.0405,1.0129,1.0267,1.0210,1.0540,1.0170,1.0172,1.0158,1.0211,
TABLE,Group 21 Metric STAT,UOPS_EXEC,7,,,,,,,,,,
Metric,Sum,Min,Max,Avg,,,,,,,,,
Runtime (RDTSC) [s] STAT,5.9928,0.4994,0.4994,0.4994,,,,,,,,,
Runtime unhalted [s] STAT,6.0502,0.4850,0.5071,0.5042,,,,,,,,,
Clock [MHz] STAT,26338.8574,2194.9008,2194.9088,2194.9048,,,,,,,,,
CPI STAT,6.6078,0.5470,0.5533,0.5506,,,,,,,,,
Used cycles ratio [%] STAT,1065.2294,88.3691,89.3158,88.7691,,,,,,,,,
Unused cycles ratio [%] STAT,134.7706,10.6842,11.6309,11.2309,,,,,,,,,
Avg stall duration [cycles] STAT,12.2891,1.0129,1.0540,1.0241,,,,,,,,,
STRUCT,Info,3,,,,,,,,,,,
CPU name:,Intel(R) Core(TM) i7-8750H CPU @ 2.20GHz,,,,,,,,,,,,
CPU type:,Intel Coffeelake processor,,,,,,,,,,,,
CPU clock:,2.208017012 GHz,,,,,,,,,,,,
TABLE,Group 22 Raw,L3CACHE,6,,,,,,,,,,
Event,Counter,Core 0,Core 1,Core 2,Core 3,Core 4,Core 5,Core 6,Core 7,Core 8,Core 9,Core 10,Core 11
INSTR_RETIRED_ANY,FIXC0,2027864517,2001579438,2029257952,2020362055,2029697714,2026436025,2029503838,2036665598,2033375065,2036817138,2034589431,2034524070
CPU_CLK_UNHALTED_CORE,FIXC1,1116694549,1103035640,1117661227,1113294274,1118016686,1116907141,1118397746,1118968878,1119860064,1120426237,1120562184,1120499074
CPU_CLK_UNHALTED_REF,FIXC2,1123366828,1109625708,1124337060,1119945440,1124695768,1123579716,1125077384,1125653304,1126548740,1127118680,1127254748,1127191268
MEM_LOAD_RETIRED_L3_HIT,PMC0,174,1122,39,163,27,10203,2646,1709,153,4,25,3406
MEM_LOAD_RETIRED_L3_MISS,PMC1,3,852,2,50,5,2505,314,1462,616,5,37,1195
UOPS_RETIRED_ALL,PMC2,2371612312,2340901667,2373241197,2362919189,2373754525,2370177485,2373617191,2381915383,2378055775,2382083826,2379477481,2379483917
TABLE,Group 22 Raw STAT,L3CACHE,6,,,,,,,,,,
Event,Counter,Sum,Min,Max,Avg,,,,,,,,
INSTR_RETIRED_ANY STAT,FIXC0,24340672841,2001579438,2036817138,2.028389e+09,,,,,,,,
CPU_CLK_UNHALTED_CORE STAT,FIXC1,13404323700,1103035640,1120562184,1117026975,,,,,,,,
CPU_CLK_UNHALTED_REF STAT,FIXC2,13484394644,1109625708,1127254748,1.123700e+09,,,,,,,,
MEM_LOAD_RETIRED_L3_HIT STAT,PMC0,19671,4,10203,1639.2500,,,,,,,,
MEM_LOAD_RETIRED_L3_MISS STAT,PMC1,7046,2,2505,587.1667,,,,,,,,
UOPS_RETIRED_ALL STAT,PMC2,28467239948,2340901667,2382083826,2.372270e+09,,,,,,,,
TABLE,Group 22 Metric,L3CACHE,7,,,,,,,,,,
Metric,Core 0,Core 1,Core 2,Core 3,Core 4,Core 5,Core 6,Core 7,Core 8,Core 9,Core 10,Core 11,
Runtime (RDTSC) [s],0.4993,0.4993,0.4993,0.4993,0.4993,0.4993,0.4993,0.4993,0.4993,0.4993,0.4993,0.4993,
Runtime unhalted [s],0.5057,0.4996,0.5062,0.5042,0.5063,0.5058,0.5065,0.5068,0.5072,0.5074,0.5075,0.5075,
Clock [MHz],2194.9024,2194.9036,2194.9068,2194.9040,2194.9046,2194.9043,2194.9079,2194.9052,2194.9073,2194.9066,2194.9079,2194.9079,
CPI,0.5507,0.5511,0.5508,0.5510,0.5508,0.5512,0.5511,0.5494,0.5507,0.5501,0.5508,0.5507,
L3 request rate,7.463277e-08,8.432648e-07,1.727595e-08,9.014274e-08,1.348075e-08,5.361624e-06,1.247042e-06,1.331282e-06,3.233734e-07,3.778205e-09,2.605614e-08,1.933613e-06,
L3 miss rate,1.264962e-09,3.639623e-07,8.427293e-10,2.116027e-08,2.106368e-09,1.056883e-06,1.322875e-07,6.137917e-07,2.590351e-07,2.099003e-09,1.554963e-08,5.022097e-07,
L3 miss ratio,0.0169,0.4316,0.0488,0.2347,0.1562,0.1971,0.1061,0.4611,0.8010,0.5556,0.5968,0.2597,
TABLE,Group 22 Metric STAT,L3CACHE,7,,,,,,,,,,
Metric,Sum,Min,Max,Avg,,,,,,,,,
Runtime (RDTSC) [s] STAT,5.9916,0.4993,0.4993,0.4993,,,,,,,,,
Runtime unhalted [s] STAT,6.0707,0.4996,0.5075,0.5059,,,,,,,,,
Clock [MHz] STAT,26338.8685,2194.9024,2194.9079,2194.9057,,,,,,,,,
CPI STAT,6.6084,0.5494,0.5512,0.5507,,,,,,,,,
L3 request rate STAT,1.126557e-05,3.778205e-09,5.361624e-06,9.387971e-07,,,,,,,,,
L3 miss rate STAT,2.971192e-06,8.427293e-10,1.056883e-06,2.475994e-07,,,,,,,,,
L3 miss ratio STAT,3.8656,0.0169,0.8010,0.3221,,,,,,,,,
STRUCT,Info,3,,,,,,,,,,,
CPU name:,Intel(R) Core(TM) i7-8750H CPU @ 2.20GHz,,,,,,,,,,,,
CPU type:,Intel Coffeelake processor,,,,,,,,,,,,
CPU clock:,2.208017012 GHz,,,,,,,,,,,,
TABLE,Group 23 Raw,FLOPS_SP,6,,,,,,,,,,
Event,Counter,Core 0,Core 1,Core 2,Core 3,Core 4,Core 5,Core 6,Core 7,Core 8,Core 9,Core 10,Core 11
INSTR_RETIRED_ANY,FIXC0,2028101709,2025901092,2027382364,1930709754,2026244533,2025269494,2024819411,2000740256,2019854229,2038955762,2025112305,2020309908
CPU_CLK_UNHALTED_CORE,FIXC1,1116782512,1114727373,1116037952,1068886914,1116054699,1114487359,1115711767,1111527507,1115209385,1115576776,1115334072,1112840196
CPU_CLK_UNHALTED_REF,FIXC2,1123453952,1121386896,1122705348,1075273460,1122721816,1121144384,1122378012,1118165332,1121871552,1122238540,1121996120,1119487740
FP_ARITH_INST_RETIRED_128B_PACKED_SINGLE,PMC0,0,0,0,0,0,0,0,0,0,0,0,0
FP_ARITH_INST_RETIRED_SCALAR_SINGLE,PMC1,0,52925,0,8,0,0,0,141465,0,0,0,0
FP_ARITH_INST_RETIRED_256B_PACKED_SINGLE,PMC2,687490923,686027073,687236601,650935192,686861304,685811358,686260147,671329153,683610537,691147507,686475908,684692306
TABLE,Group 23 Raw STAT,FLOPS_SP,6,,,,,,,,,,
Event,Counter,Sum,Min,Max,Avg,,,,,,,,
INSTR_RETIRED_ANY STAT,FIXC0,24193400817,1930709754,2038955762,2.016117e+09,,,,,,,,
CPU_CLK_UNHALTED_CORE STAT,FIXC1,13333176512,1068886914,1116782512,1.111098e+09,,,,,,,,
CPU_CLK_UNHALTED_REF STAT,FIXC2,13412823152,1075273460,1123453952,1.117735e+09,,,,,,,,
FP_ARITH_INST_RETIRED_128B_PACKED_SINGLE STAT,PMC0,0,0,0,0,,,,,,,,
FP_ARITH_INST_RETIRED_SCALAR_SINGLE STAT,PMC1,194398,0,141465,16199.8333,,,,,,,,
FP_ARITH_INST_RETIRED_256B_PACKED_SINGLE STAT,PMC2,8187878009,650935192,691147507,6.823232e+08,,,,,,,,
TABLE,Group 23 Metric,FLOPS_SP,9,,,,,,,,,,
Metric,Core 0,Core 1,Core 2,Core 3,Core 4,Core 5,Core 6,Core 7,Core 8,Core 9,Core 10,Core 11,
Runtime (RDTSC) [s],0.4993,0.4993,0.4993,0.4993,0.4993,0.4993,0.4993,0.4993,0.4993,0.4993,0.4993,0.4993,
Runtime unhalted [s],0.5058,0.5049,0.5054,0.4841,0.5055,0.5047,0.5053,0.5034,0.5051,0.5052,0.5051,0.5040,
Clock [MHz],2194.9051,2194.9044,2194.9043,2194.9026,2194.9050,2194.9065,2194.9027,2194.9094,2194.9048,2194.9099,2194.9065,2194.9058,
CPI,0.5507,0.5502,0.5505,0.5536,0.5508,0.5503,0.5510,0.5556,0.5521,0.5471,0.5508,0.5508,
SP MFLOP/s,11015.0839,10991.7359,11011.0091,10429.3824,11004.9960,10988.1736,10995.3642,10756.4209,10952.9117,11073.6702,10998.8212,10970.2440,
AVX SP MFLOP/s,11015.0839,10991.6299,11011.0091,10429.3824,11004.9960,10988.1736,10995.3642,10756.1376,10952.9117,11073.6702,10998.8212,10970.2440,
Packed MUOPS/s,1376.8855,1373.9537,1376.3761,1303.6728,1375.6245,1373.5217,1374.4205,1344.5172,1369.1140,1384.2088,1374.8526,1371.2805,
Scalar MUOPS/s,0,0.1060,0,1.602215e-05,0,0,0,0.2833,0,0,0,0,
Vectorization ratio,100,99.9923,100,100.0000,100,100,100,99.9789,100,100,100,100,
TABLE,Group 23 Metric STAT,FLOPS_SP,9,,,,,,,,,,
Metric,Sum,Min,Max,Avg,,,,,,,,,
Runtime (RDTSC) [s] STAT,5.9916,0.4993,0.4993,0.4993,,,,,,,,,
Runtime unhalted [s] STAT,6.0385,0.4841,0.5058,0.5032,,,,,,,,,
Clock [MHz] STAT,26338.8670,2194.9026,2194.9099,2194.9056,,,,,,,,,
CPI STAT,6.6135,0.5471,0.5556,0.5511,,,,,,,,,
SP MFLOP/s STAT,131187.8131,10429.3824,11073.6702,10932.3178,,,,,,,,,
AVX SP MFLOP/s STAT,131187.4238,10429.3824,11073.6702,10932.2853,,,,,,,,,
Packed MUOPS/s STAT,16398.4279,1303.6728,1384.2088,1366.5357,,,,,,,,,
Scalar MUOPS/s STAT,0.3893,0,0.2833,0.0324,,,,,,,,,
Vectorization ratio STAT,1199.9712,99.9789,100,99.9976,,,,,,,,,
STRUCT,Info,3,,,,,,,,,,,
CPU name:,Intel(R) Core(TM) i7-8750H CPU @ 2.20GHz,,,,,,,,,,,,
CPU type:,Intel Coffeelake processor,,,,,,,,,,,,
CPU clock:,2.208017012 GHz,,,,,,,,,,,,
TABLE,Group 24 Raw,FALSE_SHARE,5,,,,,,,,,,
Event,Counter,Core 0,Core 1,Core 2,Core 3,Core 4,Core 5,Core 6,Core 7,Core 8,Core 9,Core 10,Core 11
INSTR_RETIRED_ANY,FIXC0,2023704840,2024271008,2028871163,2017501065,2029154720,2030530816,2033129381,2030959738,2083641798,2096065944,2095083042,2094196454
CPU_CLK_UNHALTED_CORE,FIXC1,1114721854,1114773515,1116716208,1112466907,1117681979,1117791782,1119669672,1119964614,1148226685,1152955309,1153845690,1154005818
CPU_CLK_UNHALTED_REF,FIXC2,1121380456,1121433080,1123387528,1119113852,1124359876,1124470368,1126357564,1126655092,1155083184,1159841700,1160737964,1160898596
MEM_LOAD_L3_HIT_RETIRED_XSNP_HITM,PMC0,15,16,15,29,12,22,12,26,13,19,14,25
MEM_INST_RETIRED_ALL,PMC2,994702273,994980203,997241588,990916961,997381026,998025431,999334669,997753356,1024155193,1030269449,1029786449,1029342575
TABLE,Group 24 Raw STAT,FALSE_SHARE,5,,,,,,,,,,
Event,Counter,Sum,Min,Max,Avg,,,,,,,,
INSTR_RETIRED_ANY STAT,FIXC0,24587109969,2017501065,2096065944,2.048926e+09,,,,,,,,
CPU_CLK_UNHALTED_CORE STAT,FIXC1,13542820033,1112466907,1154005818,1.128568e+09,,,,,,,,
CPU_CLK_UNHALTED_REF STAT,FIXC2,13623719260,1119113852,1160898596,1.135310e+09,,,,,,,,
MEM_LOAD_L3_HIT_RETIRED_XSNP_HITM STAT,PMC0,218,12,29,18.1667,,,,,,,,
MEM_INST_RETIRED_ALL STAT,PMC2,12083889173,990916961,1030269449,1.006991e+09,,,,,,,,
TABLE,Group 24 Metric,FALSE_SHARE,6,,,,,,,,,,
Metric,Core 0,Core 1,Core 2,Core 3,Core 4,Core 5,Core 6,Core 7,Core 8,Core 9,Core 10,Core 11,
Runtime (RDTSC) [s],0.4993,0.4993,0.4993,0.4993,0.4993,0.4993,0.4993,0.4993,0.4993,0.4993,0.4993,0.4993,
Runtime unhalted [s],0.5049,0.5049,0.5058,0.5038,0.5062,0.5062,0.5071,0.5072,0.5200,0.5222,0.5226,0.5226,
Clock [MHz],2194.9061,2194.9048,2194.9045,2194.9026,2194.9030,2194.9029,2194.9066,2194.9050,2194.9104,2194.9072,2194.9062,2194.9070,
CPI,0.5508,0.5507,0.5504,0.5514,0.5508,0.5505,0.5507,0.5514,0.5511,0.5501,0.5507,0.5510,
Local LLC false sharing [MByte],0.0010,0.0010,0.0010,0.0019,0.0008,0.0014,0.0008,0.0017,0.0008,0.0012,0.0009,0.0016,
Local LLC false sharing rate,1.507989e-08,1.608072e-08,1.504149e-08,2.926582e-08,1.203151e-08,2.204353e-08,1.200799e-08,2.605854e-08,1.269339e-08,1.844178e-08,1.359505e-08,2.428735e-08,
TABLE,Group 24 Metric STAT,FALSE_SHARE,6,,,,,,,,,,
Metric,Sum,Min,Max,Avg,,,,,,,,,
Runtime (RDTSC) [s] STAT,5.9916,0.4993,0.4993,0.4993,,,,,,,,,
Runtime unhalted [s] STAT,6.1335,0.5038,0.5226,0.5111,,,,,,,,,
Clock [MHz] STAT,26338.8663,2194.9026,2194.9104,2194.9055,,,,,,,,,
CPI STAT,6.6096,0.5501,0.5514,0.5508,,,,,,,,,
Local LLC false sharing [MByte] STAT,0.0141,0.0008,0.0019,0.0012,,,,,,,,,
Local LLC false sharing rate STAT,2.166271e-07,1.200799e-08,2.926582e-08,1.805226e-08,,,,,,,,,
STRUCT,Info,3,,,,,,,,,,,
CPU name:,Intel(R) Core(TM) i7-8750H CPU @ 2.20GHz,,,,,,,,,,,,
CPU type:,Intel Coffeelake processor,,,,,,,,,,,,
CPU clock:,2.208017012 GHz,,,,,,,,,,,,
TABLE,Group 25 Raw,TMA,7,,,,,,,,,,
Event,Counter,Core 0,Core 1,Core 2,Core 3,Core 4,Core 5,Core 6,Core 7,Core 8,Core 9,Core 10,Core 11
INSTR_RETIRED_ANY,FIXC0,2032071915,2034287042,2035373909,1925738456,2034438647,2037572945,2036460968,2006081653,2034521746,2057519668,2041185674,2039697067
CPU_CLK_UNHALTED_CORE,FIXC1,1119094446,1118249063,1120376010,1067727285,1120481828,1120351451,1121698342,1117181861,1122830428,1123716908,1124042495,1123962710
CPU_CLK_UNHALTED_REF,FIXC2,1125779804,1124930092,1127068724,1074107544,1127175260,1127044252,1128398124,1123854980,1129535888,1130428840,1130755164,1130674664
UOPS_ISSUED_ANY,PMC0,2221566102,2224133429,2225175612,2106326691,2224150932,2227706619,2226396471,2193708003,2224467921,2249441492,2231529125,2230007826
UOPS_RETIRED_RETIRE_SLOTS,PMC1,2221543708,2223841619,2225155665,2104140360,2224130361,2227570648,2226347136,2191217657,2224042397,2249414699,2231507515,2229891989
IDQ_UOPS_NOT_DELIVERED_CORE,PMC2,18055230,24395023,18503218,22334634,17805602,22898201,18220855,26771140,19467445,24000932,17848613,18903226
INT_MISC_RECOVERY_CYCLES,PMC3,10018,101546,9798,738254,9936,52928,23012,653947,121199,12505,10746,49891
TABLE,Group 25 Raw STAT,TMA,7,,,,,,,,,,
Event,Counter,Sum,Min,Max,Avg,,,,,,,,
INSTR_RETIRED_ANY STAT,FIXC0,24314949690,1925738456,2057519668,2.026246e+09,,,,,,,,
CPU_CLK_UNHALTED_CORE STAT,FIXC1,13399712827,1067727285,1124042495,1.116643e+09,,,,,,,,
CPU_CLK_UNHALTED_REF STAT,FIXC2,13479753336,1074107544,1130755164,1123312778,,,,,,,,
UOPS_ISSUED_ANY STAT,PMC0,26584610223,2106326691,2249441492,2.215384e+09,,,,,,,,
UOPS_RETIRED_RETIRE_SLOTS STAT,PMC1,26578803754,2104140360,2249414699,2.214900e+09,,,,,,,,
IDQ_UOPS_NOT_DELIVERED_CORE STAT,PMC2,249204119,17805602,26771140,2.076701e+07,,,,,,,,
INT_MISC_RECOVERY_CYCLES STAT,PMC3,1793780,9798,738254,149481.6667,,,,,,,,
TABLE,Group 25 Metric,TMA,13,,,,,,,,,,
Metric,Core 0,Core 1,Core 2,Core 3,Core 4,Core 5,Core 6,Core 7,Core 8,Core 9,Core 10,Core 11,
Runtime (RDTSC) [s],0.4992,0.4992,0.4992,0.4992,0.4992,0.4992,0.4992,0.4992,0.4992,0.4992,0.4992,0.4992,
Runtime unhalted [s],0.5068,0.5064,0.5074,0.4836,0.5075,0.5074,0.5080,0.5060,0.5085,0.5089,0.5091,0.5090,
Clock [MHz],2194.9049,2194.9035,2194.9055,2194.9013,2194.9053,2194.9050,2194.9071,2194.9065,2194.9092,2194.9069,2194.9092,2194.9097,
CPI,0.5507,0.5497,0.5505,0.5545,0.5508,0.5498,0.5508,0.5569,0.5519,0.5462,0.5507,0.5510,
IPC,1.8158,1.8192,1.8167,1.8036,1.8157,1.8187,1.8155,1.7957,1.8120,1.8310,1.8159,1.8147,
Total Slots,4476377784,4472996252,4481504040,4270909140,4481927312,4481405804,4486793368,4468727444,4491321712,4494867632,4496169980,4495850840,
Slots Retired,2221543708,2223841619,2225155665,2104140360,2224130361,2227570648,2226347136,2191217657,2224042397,2249414699,2231507515,2229891989,
Fetch Bubbles,18055230,24395023,18503218,22334634,17805602,22898201,18220855,26771140,19467445,24000932,17848613,18903226,
Recovery Bubbles,40072,406184,39192,2953016,39744,211712,92048,2615788,484796,50020,42984,199564,
Front End [%],0.4033,0.5454,0.4129,0.5229,0.3973,0.5110,0.4061,0.5991,0.4334,0.5340,0.3970,0.4205,
Speculation [%],0.0014,0.0156,0.0013,0.1203,0.0013,0.0078,0.0032,0.1143,0.0203,0.0017,0.0014,0.0070,
Retiring [%],49.6282,49.7170,49.6520,49.2668,49.6244,49.7070,49.6200,49.0345,49.5187,50.0441,49.6313,49.5989,
Back End [%],49.9671,49.7220,49.9338,50.0899,49.9770,49.7743,49.9707,50.2522,50.0276,49.4203,49.9703,49.9736,
TABLE,Group 25 Metric STAT,TMA,13,,,,,,,,,,
Metric,Sum,Min,Max,Avg,,,,,,,,,
Runtime (RDTSC) [s] STAT,5.9904,0.4992,0.4992,0.4992,,,,,,,,,
Runtime unhalted [s] STAT,6.0686,0.4836,0.5091,0.5057,,,,,,,,,
Clock [MHz] STAT,26338.8741,2194.9013,2194.9097,2194.9062,,,,,,,,,
CPI STAT,6.6135,0.5462,0.5569,0.5511,,,,,,,,,
IPC STAT,21.7745,1.7957,1.8310,1.8145,,,,,,,,,
Total Slots STAT,53598851308,4270909140,4496169980,4.466571e+09,,,,,,,,,
Slots Retired STAT,26578803754,2104140360,2249414699,2.214900e+09,,,,,,,,,
Fetch Bubbles STAT,249204119,17805602,26771140,2.076701e+07,,,,,,,,,
Recovery Bubbles STAT,7175120,39192,2953016,597926.6667,,,,,,,,,
Front End [%] STAT,5.5829,0.3970,0.5991,0.4652,,,,,,,,,
Speculation [%] STAT,0.2956,0.0013,0.1203,0.0246,,,,,,,,,
Retiring [%] STAT,595.0429,49.0345,50.0441,49.5869,,,,,,,,,
Back End [%] STAT,599.0788,49.4203,50.2522,49.9232,,,,,,,,,
STRUCT,Info,3,,,,,,,,,,,
CPU name:,Intel(R) Core(TM) i7-8750H CPU @ 2.20GHz,,,,,,,,,,,,
CPU type:,Intel Coffeelake processor,,,,,,,,,,,,
CPU clock:,2.208017012 GHz,,,,,,,,,,,,
TABLE,Group 26 Raw,UOPS_ISSUE,7,,,,,,,,,,
Event,Counter,Core 0,Core 1,Core 2,Core 3,Core 4,Core 5,Core 6,Core 7,Core 8,Core 9,Core 10,Core 11
INSTR_RETIRED_ANY,FIXC0,2031832210,2035944974,2037655967,2029747197,2043625307,2045806359,2048947918,2036653035,2053631442,2059846334,2054494353,2054484150
CPU_CLK_UNHALTED_CORE,FIXC1,1119142352,1120042907,1122381998,1118403762,1125125118,1126057123,1128316077,1122027754,1130800754,1132663175,1131629831,1132699825
CPU_CLK_UNHALTED_REF,FIXC2,1125828472,1126734304,1129087664,1125084008,1131846744,1132782200,1135055704,1128730796,1137554332,1139428096,1138388864,1139465724
UOPS_ISSUED_USED_CYCLES,PMC0,559656092,560924168,561254092,559122438,562927376,563809124,564387347,561111739,565666200,567433962,565933433,566049889
UOPS_ISSUED_STALL_CYCLES,PMC1,559486260,559118739,561127906,559281324,562197742,562247999,563928730,560916015,565134554,565229213,565696398,566649936
CPU_CLOCK_UNHALTED_TOTAL_CYCLES,PMC2,1119142352,1120042907,1122381998,1118403762,1125125118,1126057123,1128316077,1122027754,1130800754,1132663175,1131629831,1132699825
UOPS_ISSUED_STALL_CYCLES,PMC3,558813454,557708311,560483412,558522765,561455965,559255201,563084124,559530844,564311174,563760603,564875695,564152920
TABLE,Group 26 Raw STAT,UOPS_ISSUE,7,,,,,,,,,,
Event,Counter,Sum,Min,Max,Avg,,,,,,,,
INSTR_RETIRED_ANY STAT,FIXC0,24532669246,2029747197,2059846334,2.044389e+09,,,,,,,,
CPU_CLK_UNHALTED_CORE STAT,FIXC1,13509290676,1118403762,1132699825,1125774223,,,,,,,,
CPU_CLK_UNHALTED_REF STAT,FIXC2,13589986908,1125084008,1139465724,1132498909,,,,,,,,
UOPS_ISSUED_USED_CYCLES STAT,PMC0,6758275860,559122438,567433962,563189655,,,,,,,,
UOPS_ISSUED_STALL_CYCLES STAT,PMC1,6751014816,559118739,566649936,562584568,,,,,,,,
CPU_CLOCK_UNHALTED_TOTAL_CYCLES STAT,PMC2,13509290676,1118403762,1132699825,1125774223,,,,,,,,
UOPS_ISSUED_STALL_CYCLES STAT,PMC3,6735954468,557708311,564875695,561329539,,,,,,,,
TABLE,Group 26 Metric,UOPS_ISSUE,7,,,,,,,,,,
Metric,Core 0,Core 1,Core 2,Core 3,Core 4,Core 5,Core 6,Core 7,Core 8,Core 9,Core 10,Core 11,
Runtime (RDTSC) [s],0.4992,0.4992,0.4992,0.4992,0.4992,0.4992,0.4992,0.4992,0.4992,0.4992,0.4992,0.4992,
Runtime unhalted [s],0.5069,0.5073,0.5083,0.5065,0.5096,0.5100,0.5110,0.5082,0.5121,0.5130,0.5125,0.5130,
Clock [MHz],2194.9039,2194.9041,2194.9036,2194.9068,2194.9044,2194.9085,2194.9065,2194.9046,2194.9082,2194.9078,2194.9072,2194.9063,
CPI,0.5508,0.5501,0.5508,0.5510,0.5506,0.5504,0.5507,0.5509,0.5506,0.5499,0.5508,0.5513,
Used cycles ratio [%],50.0076,50.0806,50.0056,49.9929,50.0324,50.0693,50.0203,50.0087,50.0235,50.0973,50.0105,49.9735,
Unused cycles ratio [%],49.9924,49.9194,49.9944,50.0071,49.9676,49.9307,49.9797,49.9913,49.9765,49.9027,49.9895,50.0265,
Avg stall duration [cycles],1.0012,1.0025,1.0011,1.0014,1.0013,1.0054,1.0015,1.0025,1.0015,1.0026,1.0015,1.0044,
TABLE,Group 26 Metric STAT,UOPS_ISSUE,7,,,,,,,,,,
Metric,Sum,Min,Max,Avg,,,,,,,,,
Runtime (RDTSC) [s] STAT,5.9904,0.4992,0.4992,0.4992,,,,,,,,,
Runtime unhalted [s] STAT,6.1184,0.5065,0.5130,0.5099,,,,,,,,,
Clock [MHz] STAT,26338.8719,2194.9036,2194.9085,2194.9060,,,,,,,,,
CPI STAT,6.6079,0.5499,0.5513,0.5507,,,,,,,,,
Used cycles ratio [%] STAT,600.3222,49.9735,50.0973,50.0269,,,,,,,,,
Unused cycles ratio [%] STAT,599.6778,49.9027,50.0265,49.9731,,,,,,,,,
Avg stall duration [cycles] STAT,12.0269,1.0011,1.0054,1.0022,,,,,,,,,
STRUCT,Info,3,,,,,,,,,,,
CPU name:,Intel(R) Core(TM) i7-8750H CPU @ 2.20GHz,,,,,,,,,,,,
CPU type:,Intel Coffeelake processor,,,,,,,,,,,,
CPU clock:,2.208017012 GHz,,,,,,,,,,,,
TABLE,Group 27 Raw,CYCLE_STALLS,7,,,,,,,,,,
Event,Counter,Core 0,Core 1,Core 2,Core 3,Core 4,Core 5,Core 6,Core 7,Core 8,Core 9,Core 10,Core 11
INSTR_RETIRED_ANY,FIXC0,2031768077,2033010792,2035037991,2033831719,2036933706,2046878250,2038943083,2040716044,2042034803,2045675767,2045778910,2029783484
CPU_CLK_UNHALTED_CORE,FIXC1,1119049425,1119619572,1121045158,1120298324,1121876399,1122988858,1123264676,1123569447,1124532401,1125864796,1126616392,1119749296
CPU_CLK_UNHALTED_REF,FIXC2,1125734356,1126308896,1127742624,1126991628,1128577892,1129697532,1129975004,1130279984,1131248468,1132589368,1133345240,1126437788
CYCLE_ACTIVITY_STALLS_L2_PENDING,PMC0,46954,6659,3388,5238,4276,5653,219322,14700,2993,2217,34527,195488
CYCLE_ACTIVITY_STALLS_LDM_PENDING,PMC1,121814594,121485987,128509783,125706220,132169665,124247608,122430743,123586882,125616418,123240594,132914694,125686073
CYCLE_ACTIVITY_STALLS_L1D_PENDING,PMC2,53622,9135,6556,10144,6719,8056,238916,18122,6676,4363,37830,245273
CYCLE_ACTIVITY_STALLS_TOTAL,PMC3,121971771,121586966,128792917,125834063,132264244,124359396,122766176,123693837,125712502,123340353,133028916,126740070
TABLE,Group 27 Raw STAT,CYCLE_STALLS,7,,,,,,,,,,
Event,Counter,Sum,Min,Max,Avg,,,,,,,,
INSTR_RETIRED_ANY STAT,FIXC0,24460392626,2029783484,2046878250,2.038366e+09,,,,,,,,
CPU_CLK_UNHALTED_CORE STAT,FIXC1,13468474744,1119049425,1126616392,1.122373e+09,,,,,,,,
CPU_CLK_UNHALTED_REF STAT,FIXC2,13548928780,1125734356,1133345240,1.129077e+09,,,,,,,,
CYCLE_ACTIVITY_STALLS_L2_PENDING STAT,PMC0,541415,2217,219322,45117.9167,,,,,,,,
CYCLE_ACTIVITY_STALLS_LDM_PENDING STAT,PMC1,1507409261,121485987,132914694,1.256174e+08,,,,,,,,
CYCLE_ACTIVITY_STALLS_L1D_PENDING STAT,PMC2,645412,4363,245273,53784.3333,,,,,,,,
CYCLE_ACTIVITY_STALLS_TOTAL STAT,PMC3,1510091211,121586966,133028916,1.258409e+08,,,,,,,,
TABLE,Group 27 Metric,CYCLE_STALLS,12,,,,,,,,,,
Metric,Core 0,Core 1,Core 2,Core 3,Core 4,Core 5,Core 6,Core 7,Core 8,Core 9,Core 10,Core 11,
Runtime (RDTSC) [s],0.4993,0.4993,0.4993,0.4993,0.4993,0.4993,0.4993,0.4993,0.4993,0.4993,0.4993,0.4993,
Runtime unhalted [s],0.5068,0.5071,0.5077,0.5074,0.5081,0.5086,0.5087,0.5089,0.5093,0.5099,0.5102,0.5071,
Clock [MHz],2194.9052,2194.9033,2194.9040,2194.9034,2194.9058,2194.9048,2194.9048,2194.9079,2194.9083,2194.9073,2194.9077,2194.9064,
CPI,0.5508,0.5507,0.5509,0.5508,0.5508,0.5486,0.5509,0.5506,0.5507,0.5504,0.5507,0.5517,
Total execution stalls,121971771,121586966,128792917,125834063,132264244,124359396,122766176,123693837,125712502,123340353,133028916,126740070,
Stalls caused by L1D misses [%],0.0440,0.0075,0.0051,0.0081,0.0051,0.0065,0.1946,0.0147,0.0053,0.0035,0.0284,0.1935,
Stalls caused by L2 misses [%],0.0385,0.0055,0.0026,0.0042,0.0032,0.0045,0.1787,0.0119,0.0024,0.0018,0.0260,0.1542,
Stalls caused by memory loads [%],99.8711,99.9169,99.7802,99.8984,99.9285,99.9101,99.7268,99.9135,99.9236,99.9191,99.9141,99.1684,
Execution stall rate [%],10.8996,10.8597,11.4886,11.2322,11.7896,11.0740,10.9294,11.0090,11.1791,10.9552,11.8078,11.3186,
Stalls caused by L1D misses rate [%],0.0048,0.0008,0.0006,0.0009,0.0006,0.0007,0.0213,0.0016,0.0006,0.0004,0.0034,0.0219,
Stalls caused by L2 misses rate [%],0.0042,0.0006,0.0003,0.0005,0.0004,0.0005,0.0195,0.0013,0.0003,0.0002,0.0031,0.0175,
Stalls caused by memory loads rate [%],10.8855,10.8506,11.4634,11.2208,11.7811,11.0640,10.8995,10.9995,11.1705,10.9463,11.7977,11.2245,
TABLE,Group 27 Metric STAT,CYCLE_STALLS,12,,,,,,,,,,
Metric,Sum,Min,Max,Avg,,,,,,,,,
Runtime (RDTSC) [s] STAT,5.9916,0.4993,0.4993,0.4993,,,,,,,,,
Runtime unhalted [s] STAT,6.0998,0.5068,0.5102,0.5083,,,,,,,,,
Clock [MHz] STAT,26338.8689,2194.9033,2194.9083,2194.9057,,,,,,,,,
CPI STAT,6.6076,0.5486,0.5517,0.5506,,,,,,,,,
Total execution stalls STAT,1510091211,121586966,133028916,1.258409e+08,,,,,,,,,
Stalls caused by L1D misses [%] STAT,0.5163,0.0035,0.1946,0.0430,,,,,,,,,
Stalls caused by L2 misses [%] STAT,0.4335,0.0018,0.1787,0.0361,,,,,,,,,
Stalls caused by memory loads [%] STAT,1197.8707,99.1684,99.9285,99.8226,,,,,,,,,
Execution stall rate [%] STAT,134.5428,10.8597,11.8078,11.2119,,,,,,,,,
Stalls caused by L1D misses rate [%] STAT,0.0576,0.0004,0.0219,0.0048,,,,,,,,,
Stalls caused by L2 misses rate [%] STAT,0.0484,0.0002,0.0195,0.0040,,,,,,,,,
Stalls caused by memory loads rate [%] STAT,134.3034,10.8506,11.7977,11.1920,,,,,,,,,
